-- ============================================================
-- STEP 2: 파편화 더미 데이터 INSERT
-- DB: hbm_fragmented_db
-- 실제 파편화 상태 재현 (날짜/ID/단위/명칭 불통일)
-- ============================================================

USE hbm_fragmented_db;

-- 기존 데이터 삭제
DELETE FROM result_analysis;
DELETE FROM process_log;
DELETE FROM pre_analysis;
DELETE FROM incoming;


-- -------------------------------------------------------
-- [1번] 입고 테이블
-- 날짜 형식 불통일, vendor_id 형식 불통일
-- -------------------------------------------------------
INSERT INTO incoming VALUES
('LOT-001', 'HC-001',  3.50, 18.2, '20240105'),
('LOT-002', 'HC-001',  3.55, 18.5, '2024/01/15'),
('LOT-003', 'HC-001',  3.48, 18.1, '2024-01-25'),
('LOT-004', 'HC-002',  3.62, 18.8, '2024.02.03'),
('LOT-005', 'HC-002',  3.70, 19.0, '24-02-10'),
('LOT-006', 'NM_001',  3.80, 19.1, '2024-02-15'),
('LOT-007', 'NM_001',  3.85, 19.3, '20240220'),
('LOT-008', 'NM_001',  3.90, 19.5, '2024/02/25'),
('LOT-009', 'NM-002',  4.10, 20.3, '2024-03-01'),
('LOT-010', 'NM-002',  4.15, 20.5, '2024.03.05'),
('LOT-011', 'DP.001',  3.60, 17.8, '2024-03-10'),
('LOT-012', 'DP.001',  3.65, 18.0, '20240315'),
('LOT-013', 'DP.001',  3.58, 17.6, '2024/03/20'),
('LOT-014', 'DP_002',  3.72, 18.4, '2024-03-25'),
('LOT-015', 'DP_002',  3.75, 18.6, '2024.03.28'),
('LOT-016', 'HC-001',  3.52, 18.3, '2024-04-01'),
('LOT-017', 'HC-002',  3.68, 18.9, '20240405'),
('LOT-018', 'NM_001',  3.88, 19.4, '2024/04/10'),
('LOT-019', 'NM-002',  4.20, 20.8, '2024-04-15'),
('LOT-020', 'DP.001',  3.63, 17.9, '2024-04-20');


-- -------------------------------------------------------
-- [2번] 사전 분석 테이블
-- 날짜 형식 불통일, 측정값 미세 차이
-- -------------------------------------------------------
INSERT INTO pre_analysis VALUES
('LOT-001', 3.52, 18.3, '2024-01-06'),
('LOT-002', 3.57, 18.6, '20240116'),
('LOT-003', 3.50, 18.2, '2024/01/26'),
('LOT-004', 3.65, 18.9, '2024.02.04'),
('LOT-005', 3.73, 19.1, '2024-02-11'),
('LOT-006', 3.83, 19.3, '20240216'),
('LOT-007', 3.88, 19.5, '2024/02/21'),
('LOT-008', 3.92, 19.6, '2024-02-26'),
('LOT-009', 4.13, 20.4, '2024.03.02'),
('LOT-010', 4.18, 20.6, '2024-03-06'),
('LOT-011', 3.62, 17.9, '20240311'),
('LOT-012', 3.67, 18.1, '2024/03/16'),
('LOT-013', 3.60, 17.7, '2024-03-21'),
('LOT-014', 3.75, 18.5, '2024.03.26'),
('LOT-015', 3.78, 18.7, '2024-03-29'),
('LOT-016', 3.55, 18.4, '2024-04-02'),
('LOT-017', 3.70, 19.0, '20240406'),
('LOT-018', 3.90, 19.5, '2024/04/11'),
('LOT-019', 4.22, 20.9, '2024-04-16'),
('LOT-020', 3.65, 18.0, '2024-04-21');


-- -------------------------------------------------------
-- [3번] 공정 테이블 (EAV 구조)
-- 공정명 대소문자 불통일, 파라미터명 불통일, 단위 혼용
-- -------------------------------------------------------
INSERT INTO process_log VALUES
-- LOT-001 (stacking1 + reflow1 + injection)
('PRC-001', 'LOT-001', 'stacking',  '압력',           '2.10',         '2024-01-07'),
('PRC-002', 'LOT-001', 'Reflow',    'reflow_temp',    '248.3°C',      '2024-01-07'),
('PRC-003', 'LOT-001', 'injection', '주입압력',        '0.35',         '2024-01-07'),
-- LOT-002 (stacking1 + reflow1 + injection)
('PRC-004', 'LOT-002', 'STACKING',  'pressure',       '2.15MPa',      '20240117'),
('PRC-005', 'LOT-002', 'reflow',    '온도',            '249.1',        '20240117'),
('PRC-006', 'LOT-002', 'Injection', 'inject_pres',    '0.36 MPa',     '20240117'),
-- LOT-003 (stacking1 + reflow1 + injection)
('PRC-007', 'LOT-003', 'stacking',  'Stack_Pres',     '2.08',         '2024/01/27'),
('PRC-008', 'LOT-003', 'REFLOW',    '온도(celsius)',   '247.8',        '2024/01/27'),
('PRC-009', 'LOT-003', 'injection', 'pressure',       '0.34bar',      '2024/01/27'),
-- LOT-004 (stacking1 + reflow1 + injection)
('PRC-010', 'LOT-004', 'Stacking',  '적층압력',        '2.20',         '2024.02.05'),
('PRC-011', 'LOT-004', 'reflow',    'REFLOW_TEMP',    '250.5°C',      '2024.02.05'),
('PRC-012', 'LOT-004', 'INJECTION', '주입 압력',       '0.38',         '2024.02.05'),
-- LOT-005 (stacking1 + reflow1 + injection)
('PRC-013', 'LOT-005', 'stacking',  'pressure',       '2.25MPa',      '2024-02-12'),
('PRC-014', 'LOT-005', 'Reflow',    'temp',           '252.0',        '2024-02-12'),
('PRC-015', 'LOT-005', 'injection', 'inj_pressure',   '0.40 MPa',     '2024-02-12'),
-- LOT-006 (stacking1 + reflow1 + injection)
('PRC-016', 'LOT-006', 'STACKING',  '압력',           '2.18',         '20240216'),
('PRC-017', 'LOT-006', 'reflow',    'reflow_temp',    '248.9celsius', '20240216'),
('PRC-018', 'LOT-006', 'Injection', '주입압력',        '0.36',         '20240216'),
-- LOT-007 (stacking1 + reflow1 + injection)
('PRC-019', 'LOT-007', 'stacking',  'Stack_Pres',     '2.22',         '2024/02/22'),
('PRC-020', 'LOT-007', 'REFLOW',    'temperature',    '251.3°C',      '2024/02/22'),
('PRC-021', 'LOT-007', 'injection', 'pressure',       '0.39bar',      '2024/02/22'),
-- LOT-008 (stacking1 + reflow1 + injection, 결과분석 없음)
('PRC-022', 'LOT-008', 'Stacking',  '적층압력',        '2.30',         '2024-02-27'),
('PRC-023', 'LOT-008', 'reflow',    'REFLOW_TEMP',    '253.5°C',      '2024-02-27'),
('PRC-024', 'LOT-008', 'INJECTION', 'inject_pres',    '0.41 MPa',     '2024-02-27'),
-- LOT-009 (stacking1 + reflow1 + injection, 결과분석 없음)
('PRC-025', 'LOT-009', 'stacking',  'pressure',       '2.40MPa',      '2024.03.03'),
('PRC-026', 'LOT-009', 'Reflow',    '온도',            '255.0',        '2024.03.03'),
('PRC-027', 'LOT-009', 'injection', '주입압력',        '0.45',         '2024.03.03'),
-- LOT-010 (stacking1 + reflow1 + injection, 결과분석 없음)
('PRC-028', 'LOT-010', 'STACKING',  'Stack_Pres',     '2.42',         '20240307'),
('PRC-029', 'LOT-010', 'reflow',    'reflow_temp',    '255.8celsius', '20240307'),
('PRC-030', 'LOT-010', 'Injection', 'inj_pressure',   '0.46bar',      '20240307'),
-- LOT-011 (stacking 5회 + reflow 4회 진행 중)
('PRC-031', 'LOT-011', 'stacking',  '압력',           '2.12',         '2024/03/12'),
('PRC-032', 'LOT-011', 'REFLOW',    'REFLOW_TEMP',    '248.5°C',      '2024/03/12'),
('PRC-033', 'LOT-011', 'Stacking',  'pressure',       '2.14MPa',      '2024/03/13'),
('PRC-034', 'LOT-011', 'reflow',    'temp',           '249.0',        '2024/03/13'),
('PRC-035', 'LOT-011', 'STACKING',  'Stack_Pres',     '2.16',         '2024/03/14'),
('PRC-036', 'LOT-011', 'Reflow',    'reflow_temp',    '249.5celsius', '2024/03/14'),
('PRC-037', 'LOT-011', 'stacking',  '적층압력',        '2.18',         '2024/03/15'),
('PRC-038', 'LOT-011', 'REFLOW',    'temperature',    '250.0°C',      '2024/03/15'),
('PRC-039', 'LOT-011', 'Stacking',  'pressure',       '2.20MPa',      '2024/03/16'),
-- LOT-012 (stacking 4회 + reflow 4회 진행 중)
('PRC-040', 'LOT-012', 'stacking',  '압력',           '2.16',         '2024-03-17'),
('PRC-041', 'LOT-012', 'Reflow',    'reflow_temp',    '249.2celsius', '2024-03-17'),
('PRC-042', 'LOT-012', 'STACKING',  'pressure',       '2.18MPa',      '2024-03-18'),
('PRC-043', 'LOT-012', 'reflow',    'REFLOW_TEMP',    '250.1°C',      '2024-03-18'),
('PRC-044', 'LOT-012', 'stacking',  'Stack_Pres',     '2.20',         '2024-03-19'),
('PRC-045', 'LOT-012', 'Reflow',    'temp',           '250.5',        '2024-03-19'),
('PRC-046', 'LOT-012', 'STACKING',  '적층압력',        '2.22',         '2024-03-20'),
('PRC-047', 'LOT-012', 'reflow',    'reflow_temp',    '251.0celsius', '2024-03-20'),
-- LOT-013 (stacking 1회만)
('PRC-048', 'LOT-013', 'stacking',  'Stack_Pres',     '2.09',         '2024.03.22'),
-- LOT-014 (stacking 1회 + reflow 1회)
('PRC-049', 'LOT-014', 'stacking',  '압력',           '2.23',         '20240327'),
('PRC-050', 'LOT-014', 'reflow',    'REFLOW_TEMP',    '251.8°C',      '20240327');


-- -------------------------------------------------------
-- [4번] 결과 분석 테이블
-- LOT-001~005만 결과분석 완료
-- -------------------------------------------------------
INSERT INTO result_analysis VALUES
('LOT-001', 0.05, '사용',     '2024-01-08'),
('LOT-002', 0.12, '사용',     '20240118'),
('LOT-003', 0.08, '사용',     '2024/01/28'),
('LOT-004', 0.18, '재활용',   '2024.02.06'),
('LOT-005', 0.22, 'REUSE',    '2024-02-13');
