USE hbm_integrated_db;

DELETE FROM RESULT_ANALYSIS;
DELETE FROM INJECTION;
DELETE FROM REFLOW;
DELETE FROM STACKING;
DELETE FROM AI_RECOMMEND;
DELETE FROM PRE_ANALYSIS;
DELETE FROM INCOMING;
DELETE FROM HBM_CARRIER_LOT;
DELETE FROM ENGINEER;

INSERT INTO ENGINEER (engineer_id, name, dept) VALUES
('ENG001', '김민준', '공정팀'),
('ENG002', '이서연', '공정팀'),
('ENG003', '박하늘', '공정팀'),
('ENG004', '최지우', '품질팀'),
('ENG005', '정다은', '품질팀');

INSERT INTO HBM_CARRIER_LOT (lot_id, lot_status) VALUES
('LOT-001', 'DONE'),
('LOT-002', 'DONE'),
('LOT-003', 'DONE'),
('LOT-004', 'DONE'),
('LOT-005', 'DONE'),
('LOT-006', 'DONE'),
('LOT-007', 'DONE'),
('LOT-008', 'DONE'),
('LOT-009', 'DONE'),
('LOT-010', 'DONE'),
('LOT-011', 'DONE'),
('LOT-012', 'DONE'),
('LOT-013', 'DONE'),
('LOT-014', 'DONE'),
('LOT-015', 'DONE'),
('LOT-016', 'DONE'),
('LOT-017', 'DONE'),
('LOT-018', 'DONE'),
('LOT-019', 'DONE'),
('LOT-020', 'DONE'),
('LOT-021', 'DONE'),
('LOT-022', 'DONE'),
('LOT-023', 'DONE'),
('LOT-024', 'DONE'),
('LOT-025', 'DONE'),
('LOT-026', 'INJECTION'),
('LOT-027', 'INJECTION'),
('LOT-028', 'INJECTION'),
('LOT-029', 'INJECTION'),
('LOT-030', 'INJECTION'),
('LOT-031', 'STACKING_10'),
('LOT-032', 'STACKING_9'),
('LOT-033', 'STACKING_8'),
('LOT-034', 'STACKING_7'),
('LOT-035', 'STACKING_6'),
('LOT-036', 'REFLOW_9'),
('LOT-037', 'REFLOW_8'),
('LOT-038', 'REFLOW_7'),
('LOT-039', 'REFLOW_6'),
('LOT-040', 'REFLOW_5'),
('LOT-041', 'STACKING_5'),
('LOT-042', 'STACKING_4'),
('LOT-043', 'STACKING_3'),
('LOT-044', 'STACKING_2'),
('LOT-045', 'STACKING_1'),
('LOT-046', 'PRE_ANALYSIS'),
('LOT-047', 'PRE_ANALYSIS'),
('LOT-048', 'PRE_ANALYSIS'),
('LOT-049', 'INCOMING'),
('LOT-050', 'INCOMING');

INSERT INTO INCOMING (incoming_id, lot_id, vendor_id, viscosity, cte, incoming_date) VALUES
('INC-001', 'LOT-001', 'HC-002', 3.98, 17.6, '2024-01-04'),
('INC-002', 'LOT-002', 'NM-001', 3.65, 18.3, '2024-01-07'),
('INC-003', 'LOT-003', 'NM-002', 4.06, 19.9, '2024-01-10'),
('INC-004', 'LOT-004', 'DP-001', 4.2, 17.8, '2024-01-13'),
('INC-005', 'LOT-005', 'DP-002', 3.78, 17.6, '2024-01-16'),
('INC-006', 'LOT-006', 'HC-001', 3.6, 19.3, '2024-01-19'),
('INC-007', 'LOT-007', 'HC-002', 3.42, 18.2, '2024-01-22'),
('INC-008', 'LOT-008', 'NM-001', 3.98, 19.4, '2024-01-25'),
('INC-009', 'LOT-009', 'NM-002', 3.6, 19.6, '2024-01-28'),
('INC-010', 'LOT-010', 'DP-001', 4.13, 17.5, '2024-01-31'),
('INC-011', 'LOT-011', 'DP-002', 4.13, 19.9, '2024-02-03'),
('INC-012', 'LOT-012', 'HC-001', 3.71, 18.0, '2024-02-06'),
('INC-013', 'LOT-013', 'HC-002', 4.26, 18.7, '2024-02-09'),
('INC-014', 'LOT-014', 'NM-001', 3.48, 17.8, '2024-02-12'),
('INC-015', 'LOT-015', 'NM-002', 4.16, 19.6, '2024-02-15'),
('INC-016', 'LOT-016', 'DP-001', 4.13, 20.1, '2024-02-18'),
('INC-017', 'LOT-017', 'DP-002', 3.88, 20.9, '2024-02-21'),
('INC-018', 'LOT-018', 'HC-001', 3.74, 19.4, '2024-02-24'),
('INC-019', 'LOT-019', 'HC-002', 4.15, 19.7, '2024-02-27'),
('INC-020', 'LOT-020', 'NM-001', 4.18, 19.5, '2024-03-01'),
('INC-021', 'LOT-021', 'NM-002', 4.03, 17.7, '2024-03-04'),
('INC-022', 'LOT-022', 'DP-001', 3.61, 18.5, '2024-03-07'),
('INC-023', 'LOT-023', 'DP-002', 3.47, 18.3, '2024-03-10'),
('INC-024', 'LOT-024', 'HC-001', 3.49, 18.5, '2024-03-13'),
('INC-025', 'LOT-025', 'HC-002', 3.97, 18.8, '2024-03-16'),
('INC-026', 'LOT-026', 'NM-001', 3.73, 18.2, '2024-03-19'),
('INC-027', 'LOT-027', 'NM-002', 3.64, 20.8, '2024-03-22'),
('INC-028', 'LOT-028', 'DP-001', 3.98, 19.6, '2024-03-25'),
('INC-029', 'LOT-029', 'DP-002', 3.55, 20.1, '2024-03-28'),
('INC-030', 'LOT-030', 'HC-001', 3.55, 18.8, '2024-03-31'),
('INC-031', 'LOT-031', 'HC-002', 4.29, 19.7, '2024-04-03'),
('INC-032', 'LOT-032', 'NM-001', 3.9, 19.9, '2024-04-06'),
('INC-033', 'LOT-033', 'NM-002', 4.16, 20.2, '2024-04-09'),
('INC-034', 'LOT-034', 'DP-001', 3.61, 17.6, '2024-04-12'),
('INC-035', 'LOT-035', 'DP-002', 3.68, 18.4, '2024-04-15'),
('INC-036', 'LOT-036', 'HC-001', 3.59, 20.8, '2024-04-18'),
('INC-037', 'LOT-037', 'HC-002', 4.19, 18.6, '2024-04-21'),
('INC-038', 'LOT-038', 'NM-001', 3.99, 18.9, '2024-04-24'),
('INC-039', 'LOT-039', 'NM-002', 4.22, 19.1, '2024-04-27'),
('INC-040', 'LOT-040', 'DP-001', 3.64, 18.4, '2024-04-30'),
('INC-041', 'LOT-041', 'DP-002', 3.91, 18.4, '2024-05-03'),
('INC-042', 'LOT-042', 'HC-001', 3.93, 20.6, '2024-05-06'),
('INC-043', 'LOT-043', 'HC-002', 3.76, 18.3, '2024-05-09'),
('INC-044', 'LOT-044', 'NM-001', 4.3, 19.3, '2024-05-12'),
('INC-045', 'LOT-045', 'NM-002', 3.48, 17.7, '2024-05-15'),
('INC-046', 'LOT-046', 'DP-001', 3.5, 19.7, '2024-05-18'),
('INC-047', 'LOT-047', 'DP-002', 4.11, 19.0, '2024-05-21'),
('INC-048', 'LOT-048', 'HC-001', 3.46, 18.8, '2024-05-24'),
('INC-049', 'LOT-049', 'HC-002', 4.3, 19.4, '2024-05-27'),
('INC-050', 'LOT-050', 'NM-001', 4.27, 20.5, '2024-05-30');

INSERT INTO PRE_ANALYSIS (pre_id, lot_id, engineer_id, measured_viscosity, measured_cte, measured_date) VALUES
('PRE-001', 'LOT-001', 'ENG002', 3.41, 20.0, '2024-01-05'),
('PRE-002', 'LOT-002', 'ENG003', 4.01, 19.4, '2024-01-08'),
('PRE-003', 'LOT-003', 'ENG001', 3.64, 19.7, '2024-01-11'),
('PRE-004', 'LOT-004', 'ENG002', 3.5, 19.0, '2024-01-14'),
('PRE-005', 'LOT-005', 'ENG003', 3.81, 20.8, '2024-01-17'),
('PRE-006', 'LOT-006', 'ENG001', 4.19, 18.4, '2024-01-20'),
('PRE-007', 'LOT-007', 'ENG002', 3.85, 18.1, '2024-01-23'),
('PRE-008', 'LOT-008', 'ENG003', 4.22, 20.5, '2024-01-26'),
('PRE-009', 'LOT-009', 'ENG001', 3.67, 19.7, '2024-01-29'),
('PRE-010', 'LOT-010', 'ENG002', 3.95, 18.0, '2024-02-01'),
('PRE-011', 'LOT-011', 'ENG003', 4.09, 19.4, '2024-02-04'),
('PRE-012', 'LOT-012', 'ENG001', 4.1, 19.4, '2024-02-07'),
('PRE-013', 'LOT-013', 'ENG002', 3.4, 18.6, '2024-02-10'),
('PRE-014', 'LOT-014', 'ENG003', 3.42, 20.8, '2024-02-13'),
('PRE-015', 'LOT-015', 'ENG001', 4.19, 20.4, '2024-02-16'),
('PRE-016', 'LOT-016', 'ENG002', 3.68, 17.7, '2024-02-19'),
('PRE-017', 'LOT-017', 'ENG003', 4.19, 20.8, '2024-02-22'),
('PRE-018', 'LOT-018', 'ENG001', 3.48, 19.2, '2024-02-25'),
('PRE-019', 'LOT-019', 'ENG002', 3.46, 20.2, '2024-02-28'),
('PRE-020', 'LOT-020', 'ENG003', 4.09, 17.9, '2024-03-02'),
('PRE-021', 'LOT-021', 'ENG001', 3.83, 19.4, '2024-03-05'),
('PRE-022', 'LOT-022', 'ENG002', 3.64, 20.6, '2024-03-08'),
('PRE-023', 'LOT-023', 'ENG003', 3.78, 18.2, '2024-03-11'),
('PRE-024', 'LOT-024', 'ENG001', 3.89, 20.1, '2024-03-14'),
('PRE-025', 'LOT-025', 'ENG002', 3.58, 18.6, '2024-03-17'),
('PRE-026', 'LOT-026', 'ENG003', 4.3, 19.8, '2024-03-20'),
('PRE-027', 'LOT-027', 'ENG001', 3.79, 19.3, '2024-03-23'),
('PRE-028', 'LOT-028', 'ENG002', 3.51, 18.3, '2024-03-26'),
('PRE-029', 'LOT-029', 'ENG003', 3.7, 19.6, '2024-03-29'),
('PRE-030', 'LOT-030', 'ENG001', 3.61, 18.3, '2024-04-01'),
('PRE-031', 'LOT-031', 'ENG002', 3.46, 19.7, '2024-04-04'),
('PRE-032', 'LOT-032', 'ENG003', 3.61, 20.7, '2024-04-07'),
('PRE-033', 'LOT-033', 'ENG001', 4.17, 17.7, '2024-04-10'),
('PRE-034', 'LOT-034', 'ENG002', 3.61, 19.8, '2024-04-13'),
('PRE-035', 'LOT-035', 'ENG003', 3.59, 18.0, '2024-04-16'),
('PRE-036', 'LOT-036', 'ENG001', 4.24, 19.5, '2024-04-19'),
('PRE-037', 'LOT-037', 'ENG002', 3.83, 20.2, '2024-04-22'),
('PRE-038', 'LOT-038', 'ENG003', 4.13, 18.2, '2024-04-25'),
('PRE-039', 'LOT-039', 'ENG001', 3.49, 19.0, '2024-04-28'),
('PRE-040', 'LOT-040', 'ENG002', 3.78, 19.1, '2024-05-01'),
('PRE-041', 'LOT-041', 'ENG003', 4.06, 19.9, '2024-05-04'),
('PRE-042', 'LOT-042', 'ENG001', 4.29, 17.8, '2024-05-07'),
('PRE-043', 'LOT-043', 'ENG002', 3.76, 18.7, '2024-05-10'),
('PRE-044', 'LOT-044', 'ENG003', 4.18, 18.4, '2024-05-13'),
('PRE-045', 'LOT-045', 'ENG001', 3.57, 19.1, '2024-05-16'),
('PRE-046', 'LOT-046', 'ENG002', 3.78, 18.5, '2024-05-19'),
('PRE-047', 'LOT-047', 'ENG003', 3.62, 20.7, '2024-05-22'),
('PRE-048', 'LOT-048', 'ENG001', 3.8, 20.5, '2024-05-25');

INSERT INTO AI_RECOMMEND (recommend_id, lot_id, recommend_pressure, recommend_temp, recommended_at) VALUES
('REC-001', 'LOT-001', 2.07, 247.2, '2024-01-02'),
('REC-002', 'LOT-001', 2.1, 248.4, '2024-01-03'),
('REC-003', 'LOT-001', 2.14, 248.7, '2024-01-04'),
('REC-004', 'LOT-001', 2.21, 249.2, '2024-01-05'),
('REC-005', 'LOT-001', 2.24, 249.2, '2024-01-06'),
('REC-006', 'LOT-001', 2.31, 249.6, '2024-01-07'),
('REC-007', 'LOT-001', 2.33, 250.5, '2024-01-08'),
('REC-008', 'LOT-001', 2.4, 250.6, '2024-01-09'),
('REC-009', 'LOT-001', 2.46, 251.1, '2024-01-10'),
('REC-010', 'LOT-001', 2.51, 251.9, '2024-01-11'),
('REC-011', 'LOT-002', 2.03, 247.5, '2024-01-05'),
('REC-012', 'LOT-002', 2.09, 247.8, '2024-01-06'),
('REC-013', 'LOT-002', 2.14, 248.3, '2024-01-07'),
('REC-014', 'LOT-002', 2.2, 248.8, '2024-01-08'),
('REC-015', 'LOT-002', 2.26, 249.5, '2024-01-09'),
('REC-016', 'LOT-002', 2.3, 250.4, '2024-01-10'),
('REC-017', 'LOT-002', 2.37, 250.3, '2024-01-11'),
('REC-018', 'LOT-002', 2.41, 250.7, '2024-01-12'),
('REC-019', 'LOT-002', 2.44, 251.3, '2024-01-13'),
('REC-020', 'LOT-002', 2.51, 252.0, '2024-01-14'),
('REC-021', 'LOT-003', 2.05, 247.0, '2024-01-08'),
('REC-022', 'LOT-003', 2.12, 248.5, '2024-01-09'),
('REC-023', 'LOT-003', 2.14, 248.7, '2024-01-10'),
('REC-024', 'LOT-003', 2.19, 249.1, '2024-01-11'),
('REC-025', 'LOT-003', 2.27, 249.7, '2024-01-12'),
('REC-026', 'LOT-003', 2.29, 249.7, '2024-01-13'),
('REC-027', 'LOT-003', 2.34, 250.4, '2024-01-14'),
('REC-028', 'LOT-003', 2.42, 251.3, '2024-01-15'),
('REC-029', 'LOT-003', 2.46, 251.7, '2024-01-16'),
('REC-030', 'LOT-003', 2.49, 252.2, '2024-01-17'),
('REC-031', 'LOT-004', 2.07, 247.3, '2024-01-11'),
('REC-032', 'LOT-004', 2.12, 247.5, '2024-01-12'),
('REC-033', 'LOT-004', 2.14, 248.8, '2024-01-13'),
('REC-034', 'LOT-004', 2.22, 248.6, '2024-01-14'),
('REC-035', 'LOT-004', 2.24, 249.0, '2024-01-15'),
('REC-036', 'LOT-004', 2.3, 250.3, '2024-01-16'),
('REC-037', 'LOT-004', 2.37, 250.7, '2024-01-17'),
('REC-038', 'LOT-004', 2.4, 251.4, '2024-01-18'),
('REC-039', 'LOT-004', 2.45, 251.7, '2024-01-19'),
('REC-040', 'LOT-004', 2.52, 252.0, '2024-01-20'),
('REC-041', 'LOT-005', 2.06, 248.0, '2024-01-14'),
('REC-042', 'LOT-005', 2.11, 247.8, '2024-01-15'),
('REC-043', 'LOT-005', 2.15, 248.1, '2024-01-16'),
('REC-044', 'LOT-005', 2.19, 248.8, '2024-01-17'),
('REC-045', 'LOT-005', 2.24, 249.0, '2024-01-18'),
('REC-046', 'LOT-005', 2.3, 250.3, '2024-01-19'),
('REC-047', 'LOT-005', 2.37, 250.6, '2024-01-20'),
('REC-048', 'LOT-005', 2.4, 250.9, '2024-01-21'),
('REC-049', 'LOT-005', 2.46, 251.9, '2024-01-22'),
('REC-050', 'LOT-005', 2.52, 252.3, '2024-01-23'),
('REC-051', 'LOT-006', 2.06, 247.5, '2024-01-17'),
('REC-052', 'LOT-006', 2.11, 247.8, '2024-01-18'),
('REC-053', 'LOT-006', 2.15, 248.2, '2024-01-19'),
('REC-054', 'LOT-006', 2.21, 248.7, '2024-01-20'),
('REC-055', 'LOT-006', 2.27, 249.1, '2024-01-21'),
('REC-056', 'LOT-006', 2.3, 249.7, '2024-01-22'),
('REC-057', 'LOT-006', 2.35, 250.3, '2024-01-23'),
('REC-058', 'LOT-006', 2.38, 251.3, '2024-01-24'),
('REC-059', 'LOT-006', 2.46, 251.9, '2024-01-25'),
('REC-060', 'LOT-006', 2.52, 252.1, '2024-01-26'),
('REC-061', 'LOT-007', 2.05, 247.9, '2024-01-20'),
('REC-062', 'LOT-007', 2.11, 247.6, '2024-01-21'),
('REC-063', 'LOT-007', 2.16, 248.2, '2024-01-22'),
('REC-064', 'LOT-007', 2.19, 249.0, '2024-01-23'),
('REC-065', 'LOT-007', 2.27, 249.3, '2024-01-24'),
('REC-066', 'LOT-007', 2.3, 250.3, '2024-01-25'),
('REC-067', 'LOT-007', 2.36, 250.1, '2024-01-26'),
('REC-068', 'LOT-007', 2.39, 250.6, '2024-01-27'),
('REC-069', 'LOT-007', 2.43, 251.0, '2024-01-28'),
('REC-070', 'LOT-007', 2.51, 252.1, '2024-01-29'),
('REC-071', 'LOT-008', 2.05, 247.8, '2024-01-23'),
('REC-072', 'LOT-008', 2.11, 247.8, '2024-01-24'),
('REC-073', 'LOT-008', 2.16, 248.8, '2024-01-25'),
('REC-074', 'LOT-008', 2.18, 249.0, '2024-01-26'),
('REC-075', 'LOT-008', 2.23, 249.6, '2024-01-27'),
('REC-076', 'LOT-008', 2.3, 250.0, '2024-01-28'),
('REC-077', 'LOT-008', 2.34, 250.9, '2024-01-29'),
('REC-078', 'LOT-008', 2.39, 250.7, '2024-01-30'),
('REC-079', 'LOT-008', 2.46, 251.6, '2024-01-31'),
('REC-080', 'LOT-008', 2.51, 252.0, '2024-02-01'),
('REC-081', 'LOT-009', 2.05, 247.2, '2024-01-26'),
('REC-082', 'LOT-009', 2.1, 248.1, '2024-01-27'),
('REC-083', 'LOT-009', 2.15, 248.7, '2024-01-28'),
('REC-084', 'LOT-009', 2.18, 248.8, '2024-01-29'),
('REC-085', 'LOT-009', 2.24, 249.7, '2024-01-30'),
('REC-086', 'LOT-009', 2.3, 249.8, '2024-01-31'),
('REC-087', 'LOT-009', 2.35, 250.4, '2024-02-01'),
('REC-088', 'LOT-009', 2.39, 250.7, '2024-02-02'),
('REC-089', 'LOT-009', 2.44, 251.7, '2024-02-03'),
('REC-090', 'LOT-009', 2.51, 251.7, '2024-02-04'),
('REC-091', 'LOT-010', 2.04, 247.5, '2024-01-29'),
('REC-092', 'LOT-010', 2.12, 247.8, '2024-01-30'),
('REC-093', 'LOT-010', 2.13, 248.1, '2024-01-31'),
('REC-094', 'LOT-010', 2.2, 249.2, '2024-02-01'),
('REC-095', 'LOT-010', 2.26, 249.9, '2024-02-02'),
('REC-096', 'LOT-010', 2.29, 250.1, '2024-02-03'),
('REC-097', 'LOT-010', 2.35, 250.6, '2024-02-04'),
('REC-098', 'LOT-010', 2.4, 251.4, '2024-02-05'),
('REC-099', 'LOT-010', 2.45, 251.4, '2024-02-06'),
('REC-100', 'LOT-010', 2.48, 252.5, '2024-02-07'),
('REC-101', 'LOT-011', 2.06, 247.2, '2024-02-01'),
('REC-102', 'LOT-011', 2.09, 247.6, '2024-02-02'),
('REC-103', 'LOT-011', 2.14, 248.1, '2024-02-03'),
('REC-104', 'LOT-011', 2.2, 249.3, '2024-02-04'),
('REC-105', 'LOT-011', 2.25, 249.5, '2024-02-05'),
('REC-106', 'LOT-011', 2.3, 249.8, '2024-02-06'),
('REC-107', 'LOT-011', 2.35, 250.6, '2024-02-07'),
('REC-108', 'LOT-011', 2.41, 251.1, '2024-02-08'),
('REC-109', 'LOT-011', 2.44, 251.7, '2024-02-09'),
('REC-110', 'LOT-011', 2.5, 251.5, '2024-02-10'),
('REC-111', 'LOT-012', 2.05, 247.8, '2024-02-04'),
('REC-112', 'LOT-012', 2.08, 247.8, '2024-02-05'),
('REC-113', 'LOT-012', 2.16, 248.9, '2024-02-06'),
('REC-114', 'LOT-012', 2.18, 249.4, '2024-02-07'),
('REC-115', 'LOT-012', 2.23, 249.5, '2024-02-08'),
('REC-116', 'LOT-012', 2.3, 249.9, '2024-02-09'),
('REC-117', 'LOT-012', 2.34, 250.1, '2024-02-10'),
('REC-118', 'LOT-012', 2.42, 251.0, '2024-02-11'),
('REC-119', 'LOT-012', 2.46, 251.8, '2024-02-12'),
('REC-120', 'LOT-012', 2.49, 251.5, '2024-02-13'),
('REC-121', 'LOT-013', 2.06, 247.9, '2024-02-07'),
('REC-122', 'LOT-013', 2.11, 247.8, '2024-02-08'),
('REC-123', 'LOT-013', 2.16, 248.8, '2024-02-09'),
('REC-124', 'LOT-013', 2.21, 249.4, '2024-02-10'),
('REC-125', 'LOT-013', 2.25, 249.3, '2024-02-11'),
('REC-126', 'LOT-013', 2.3, 250.4, '2024-02-12'),
('REC-127', 'LOT-013', 2.37, 250.2, '2024-02-13'),
('REC-128', 'LOT-013', 2.41, 250.9, '2024-02-14'),
('REC-129', 'LOT-013', 2.45, 251.9, '2024-02-15'),
('REC-130', 'LOT-013', 2.52, 252.3, '2024-02-16'),
('REC-131', 'LOT-014', 2.04, 247.7, '2024-02-10'),
('REC-132', 'LOT-014', 2.12, 248.1, '2024-02-11'),
('REC-133', 'LOT-014', 2.15, 248.5, '2024-02-12'),
('REC-134', 'LOT-014', 2.19, 249.2, '2024-02-13'),
('REC-135', 'LOT-014', 2.24, 249.1, '2024-02-14'),
('REC-136', 'LOT-014', 2.31, 250.2, '2024-02-15'),
('REC-137', 'LOT-014', 2.34, 250.3, '2024-02-16'),
('REC-138', 'LOT-014', 2.39, 250.6, '2024-02-17'),
('REC-139', 'LOT-014', 2.45, 251.2, '2024-02-18'),
('REC-140', 'LOT-014', 2.51, 251.7, '2024-02-19'),
('REC-141', 'LOT-015', 2.05, 247.3, '2024-02-13'),
('REC-142', 'LOT-015', 2.11, 247.6, '2024-02-14'),
('REC-143', 'LOT-015', 2.14, 248.3, '2024-02-15'),
('REC-144', 'LOT-015', 2.18, 249.3, '2024-02-16'),
('REC-145', 'LOT-015', 2.23, 249.9, '2024-02-17'),
('REC-146', 'LOT-015', 2.32, 250.4, '2024-02-18'),
('REC-147', 'LOT-015', 2.36, 250.9, '2024-02-19'),
('REC-148', 'LOT-015', 2.39, 251.3, '2024-02-20'),
('REC-149', 'LOT-015', 2.44, 251.3, '2024-02-21'),
('REC-150', 'LOT-015', 2.51, 252.2, '2024-02-22'),
('REC-151', 'LOT-016', 2.07, 247.3, '2024-02-16'),
('REC-152', 'LOT-016', 2.11, 248.0, '2024-02-17'),
('REC-153', 'LOT-016', 2.16, 248.2, '2024-02-18'),
('REC-154', 'LOT-016', 2.21, 248.9, '2024-02-19'),
('REC-155', 'LOT-016', 2.25, 249.1, '2024-02-20'),
('REC-156', 'LOT-016', 2.29, 249.6, '2024-02-21'),
('REC-157', 'LOT-016', 2.36, 250.3, '2024-02-22'),
('REC-158', 'LOT-016', 2.41, 250.9, '2024-02-23'),
('REC-159', 'LOT-016', 2.45, 251.6, '2024-02-24'),
('REC-160', 'LOT-016', 2.49, 252.1, '2024-02-25'),
('REC-161', 'LOT-017', 2.06, 247.8, '2024-02-19'),
('REC-162', 'LOT-017', 2.12, 247.8, '2024-02-20'),
('REC-163', 'LOT-017', 2.14, 248.4, '2024-02-21'),
('REC-164', 'LOT-017', 2.19, 249.5, '2024-02-22'),
('REC-165', 'LOT-017', 2.27, 249.6, '2024-02-23'),
('REC-166', 'LOT-017', 2.29, 250.5, '2024-02-24'),
('REC-167', 'LOT-017', 2.36, 250.1, '2024-02-25'),
('REC-168', 'LOT-017', 2.41, 251.5, '2024-02-26'),
('REC-169', 'LOT-017', 2.44, 252.0, '2024-02-27'),
('REC-170', 'LOT-017', 2.49, 252.3, '2024-02-28'),
('REC-171', 'LOT-018', 2.04, 247.4, '2024-02-22'),
('REC-172', 'LOT-018', 2.08, 247.9, '2024-02-23'),
('REC-173', 'LOT-018', 2.15, 248.5, '2024-02-24'),
('REC-174', 'LOT-018', 2.2, 249.2, '2024-02-25'),
('REC-175', 'LOT-018', 2.26, 249.3, '2024-02-26'),
('REC-176', 'LOT-018', 2.28, 250.5, '2024-02-27'),
('REC-177', 'LOT-018', 2.35, 250.1, '2024-02-28'),
('REC-178', 'LOT-018', 2.4, 251.4, '2024-02-29'),
('REC-179', 'LOT-018', 2.44, 251.1, '2024-03-01'),
('REC-180', 'LOT-018', 2.5, 252.2, '2024-03-02'),
('REC-181', 'LOT-019', 2.07, 247.7, '2024-02-25'),
('REC-182', 'LOT-019', 2.08, 247.6, '2024-02-26'),
('REC-183', 'LOT-019', 2.16, 248.4, '2024-02-27'),
('REC-184', 'LOT-019', 2.18, 249.5, '2024-02-28'),
('REC-185', 'LOT-019', 2.26, 249.4, '2024-02-29'),
('REC-186', 'LOT-019', 2.32, 249.9, '2024-03-01'),
('REC-187', 'LOT-019', 2.33, 250.3, '2024-03-02'),
('REC-188', 'LOT-019', 2.38, 251.0, '2024-03-03'),
('REC-189', 'LOT-019', 2.45, 251.8, '2024-03-04'),
('REC-190', 'LOT-019', 2.5, 251.6, '2024-03-05'),
('REC-191', 'LOT-020', 2.06, 248.0, '2024-02-28'),
('REC-192', 'LOT-020', 2.1, 247.9, '2024-02-29'),
('REC-193', 'LOT-020', 2.14, 248.3, '2024-03-01'),
('REC-194', 'LOT-020', 2.22, 249.1, '2024-03-02'),
('REC-195', 'LOT-020', 2.24, 249.8, '2024-03-03'),
('REC-196', 'LOT-020', 2.28, 249.9, '2024-03-04'),
('REC-197', 'LOT-020', 2.35, 250.4, '2024-03-05'),
('REC-198', 'LOT-020', 2.4, 250.8, '2024-03-06'),
('REC-199', 'LOT-020', 2.46, 251.6, '2024-03-07'),
('REC-200', 'LOT-020', 2.49, 251.7, '2024-03-08'),
('REC-201', 'LOT-021', 2.03, 247.3, '2024-03-02'),
('REC-202', 'LOT-021', 2.1, 248.1, '2024-03-03'),
('REC-203', 'LOT-021', 2.15, 249.0, '2024-03-04'),
('REC-204', 'LOT-021', 2.22, 249.0, '2024-03-05'),
('REC-205', 'LOT-021', 2.24, 249.4, '2024-03-06'),
('REC-206', 'LOT-021', 2.3, 249.9, '2024-03-07'),
('REC-207', 'LOT-021', 2.36, 250.7, '2024-03-08'),
('REC-208', 'LOT-021', 2.41, 250.6, '2024-03-09'),
('REC-209', 'LOT-021', 2.45, 251.2, '2024-03-10'),
('REC-210', 'LOT-021', 2.49, 252.5, '2024-03-11'),
('REC-211', 'LOT-022', 2.05, 247.5, '2024-03-05'),
('REC-212', 'LOT-022', 2.11, 248.1, '2024-03-06'),
('REC-213', 'LOT-022', 2.13, 248.5, '2024-03-07'),
('REC-214', 'LOT-022', 2.19, 248.8, '2024-03-08'),
('REC-215', 'LOT-022', 2.27, 249.1, '2024-03-09'),
('REC-216', 'LOT-022', 2.3, 250.1, '2024-03-10'),
('REC-217', 'LOT-022', 2.36, 250.0, '2024-03-11'),
('REC-218', 'LOT-022', 2.4, 250.7, '2024-03-12'),
('REC-219', 'LOT-022', 2.45, 252.0, '2024-03-13'),
('REC-220', 'LOT-022', 2.51, 252.3, '2024-03-14'),
('REC-221', 'LOT-023', 2.06, 248.0, '2024-03-08'),
('REC-222', 'LOT-023', 2.09, 247.6, '2024-03-09'),
('REC-223', 'LOT-023', 2.17, 248.3, '2024-03-10'),
('REC-224', 'LOT-023', 2.21, 248.6, '2024-03-11'),
('REC-225', 'LOT-023', 2.23, 249.6, '2024-03-12'),
('REC-226', 'LOT-023', 2.29, 249.6, '2024-03-13'),
('REC-227', 'LOT-023', 2.37, 251.0, '2024-03-14'),
('REC-228', 'LOT-023', 2.38, 251.2, '2024-03-15'),
('REC-229', 'LOT-023', 2.43, 251.3, '2024-03-16'),
('REC-230', 'LOT-023', 2.49, 252.3, '2024-03-17'),
('REC-231', 'LOT-024', 2.04, 247.7, '2024-03-11'),
('REC-232', 'LOT-024', 2.1, 248.3, '2024-03-12'),
('REC-233', 'LOT-024', 2.14, 248.2, '2024-03-13'),
('REC-234', 'LOT-024', 2.21, 249.4, '2024-03-14'),
('REC-235', 'LOT-024', 2.26, 249.6, '2024-03-15'),
('REC-236', 'LOT-024', 2.31, 250.3, '2024-03-16'),
('REC-237', 'LOT-024', 2.35, 250.2, '2024-03-17'),
('REC-238', 'LOT-024', 2.4, 251.4, '2024-03-18'),
('REC-239', 'LOT-024', 2.45, 251.4, '2024-03-19'),
('REC-240', 'LOT-024', 2.51, 252.0, '2024-03-20'),
('REC-241', 'LOT-025', 2.04, 247.1, '2024-03-14'),
('REC-242', 'LOT-025', 2.12, 248.0, '2024-03-15'),
('REC-243', 'LOT-025', 2.16, 248.5, '2024-03-16'),
('REC-244', 'LOT-025', 2.22, 248.5, '2024-03-17'),
('REC-245', 'LOT-025', 2.24, 249.9, '2024-03-18'),
('REC-246', 'LOT-025', 2.3, 250.3, '2024-03-19'),
('REC-247', 'LOT-025', 2.33, 250.2, '2024-03-20'),
('REC-248', 'LOT-025', 2.4, 250.6, '2024-03-21'),
('REC-249', 'LOT-025', 2.45, 251.5, '2024-03-22'),
('REC-250', 'LOT-025', 2.5, 252.2, '2024-03-23'),
('REC-251', 'LOT-026', 2.04, 247.7, '2024-03-17'),
('REC-252', 'LOT-026', 2.1, 248.3, '2024-03-18'),
('REC-253', 'LOT-026', 2.14, 248.3, '2024-03-19'),
('REC-254', 'LOT-026', 2.21, 249.2, '2024-03-20'),
('REC-255', 'LOT-026', 2.25, 249.2, '2024-03-21'),
('REC-256', 'LOT-026', 2.31, 250.4, '2024-03-22'),
('REC-257', 'LOT-026', 2.34, 250.8, '2024-03-23'),
('REC-258', 'LOT-026', 2.39, 250.8, '2024-03-24'),
('REC-259', 'LOT-026', 2.46, 251.5, '2024-03-25'),
('REC-260', 'LOT-026', 2.51, 251.8, '2024-03-26'),
('REC-261', 'LOT-027', 2.04, 247.1, '2024-03-20'),
('REC-262', 'LOT-027', 2.09, 247.9, '2024-03-21'),
('REC-263', 'LOT-027', 2.14, 248.4, '2024-03-22'),
('REC-264', 'LOT-027', 2.21, 249.4, '2024-03-23'),
('REC-265', 'LOT-027', 2.25, 249.6, '2024-03-24'),
('REC-266', 'LOT-027', 2.28, 250.2, '2024-03-25'),
('REC-267', 'LOT-027', 2.35, 250.7, '2024-03-26'),
('REC-268', 'LOT-027', 2.38, 251.3, '2024-03-27'),
('REC-269', 'LOT-027', 2.45, 251.1, '2024-03-28'),
('REC-270', 'LOT-027', 2.51, 251.9, '2024-03-29'),
('REC-271', 'LOT-028', 2.05, 247.7, '2024-03-23'),
('REC-272', 'LOT-028', 2.09, 247.6, '2024-03-24'),
('REC-273', 'LOT-028', 2.14, 248.7, '2024-03-25'),
('REC-274', 'LOT-028', 2.21, 249.5, '2024-03-26'),
('REC-275', 'LOT-028', 2.26, 249.7, '2024-03-27'),
('REC-276', 'LOT-028', 2.29, 249.8, '2024-03-28'),
('REC-277', 'LOT-028', 2.36, 250.7, '2024-03-29'),
('REC-278', 'LOT-028', 2.39, 250.7, '2024-03-30'),
('REC-279', 'LOT-028', 2.46, 251.2, '2024-03-31'),
('REC-280', 'LOT-028', 2.49, 252.1, '2024-04-01'),
('REC-281', 'LOT-029', 2.06, 247.1, '2024-03-26'),
('REC-282', 'LOT-029', 2.11, 248.3, '2024-03-27'),
('REC-283', 'LOT-029', 2.14, 248.2, '2024-03-28'),
('REC-284', 'LOT-029', 2.19, 249.4, '2024-03-29'),
('REC-285', 'LOT-029', 2.24, 249.1, '2024-03-30'),
('REC-286', 'LOT-029', 2.32, 249.8, '2024-03-31'),
('REC-287', 'LOT-029', 2.35, 250.1, '2024-04-01'),
('REC-288', 'LOT-029', 2.4, 251.1, '2024-04-02'),
('REC-289', 'LOT-029', 2.45, 251.9, '2024-04-03'),
('REC-290', 'LOT-029', 2.52, 251.5, '2024-04-04'),
('REC-291', 'LOT-030', 2.05, 247.3, '2024-03-29'),
('REC-292', 'LOT-030', 2.11, 247.8, '2024-03-30'),
('REC-293', 'LOT-030', 2.14, 248.4, '2024-03-31'),
('REC-294', 'LOT-030', 2.2, 248.6, '2024-04-01'),
('REC-295', 'LOT-030', 2.23, 249.4, '2024-04-02'),
('REC-296', 'LOT-030', 2.28, 250.4, '2024-04-03'),
('REC-297', 'LOT-030', 2.35, 251.0, '2024-04-04'),
('REC-298', 'LOT-030', 2.41, 251.4, '2024-04-05'),
('REC-299', 'LOT-030', 2.44, 251.2, '2024-04-06'),
('REC-300', 'LOT-030', 2.5, 252.4, '2024-04-07'),
('REC-301', 'LOT-031', 2.05, 247.4, '2024-04-01'),
('REC-302', 'LOT-031', 2.1, 248.0, '2024-04-02'),
('REC-303', 'LOT-031', 2.16, 248.6, '2024-04-03'),
('REC-304', 'LOT-031', 2.19, 248.6, '2024-04-04'),
('REC-305', 'LOT-031', 2.27, 249.6, '2024-04-05'),
('REC-306', 'LOT-031', 2.29, 250.1, '2024-04-06'),
('REC-307', 'LOT-031', 2.33, 250.0, '2024-04-07'),
('REC-308', 'LOT-031', 2.41, 251.0, '2024-04-08'),
('REC-309', 'LOT-031', 2.47, 251.1, '2024-04-09'),
('REC-310', 'LOT-031', 2.49, 251.9, '2024-04-10'),
('REC-311', 'LOT-032', 2.07, 247.6, '2024-04-04'),
('REC-312', 'LOT-032', 2.08, 248.0, '2024-04-05'),
('REC-313', 'LOT-032', 2.16, 248.8, '2024-04-06'),
('REC-314', 'LOT-032', 2.21, 248.7, '2024-04-07'),
('REC-315', 'LOT-032', 2.26, 249.2, '2024-04-08'),
('REC-316', 'LOT-032', 2.3, 249.9, '2024-04-09'),
('REC-317', 'LOT-032', 2.35, 250.6, '2024-04-10'),
('REC-318', 'LOT-032', 2.41, 251.2, '2024-04-11'),
('REC-319', 'LOT-032', 2.45, 251.6, '2024-04-12'),
('REC-320', 'LOT-033', 2.07, 247.8, '2024-04-07'),
('REC-321', 'LOT-033', 2.11, 248.0, '2024-04-08'),
('REC-322', 'LOT-033', 2.15, 248.9, '2024-04-09'),
('REC-323', 'LOT-033', 2.19, 249.1, '2024-04-10'),
('REC-324', 'LOT-033', 2.27, 249.4, '2024-04-11'),
('REC-325', 'LOT-033', 2.31, 249.6, '2024-04-12'),
('REC-326', 'LOT-033', 2.37, 250.1, '2024-04-13'),
('REC-327', 'LOT-033', 2.41, 251.2, '2024-04-14'),
('REC-328', 'LOT-034', 2.06, 247.1, '2024-04-10'),
('REC-329', 'LOT-034', 2.12, 247.7, '2024-04-11'),
('REC-330', 'LOT-034', 2.17, 248.5, '2024-04-12'),
('REC-331', 'LOT-034', 2.21, 248.8, '2024-04-13'),
('REC-332', 'LOT-034', 2.23, 249.8, '2024-04-14'),
('REC-333', 'LOT-034', 2.29, 250.2, '2024-04-15'),
('REC-334', 'LOT-034', 2.33, 250.9, '2024-04-16'),
('REC-335', 'LOT-035', 2.07, 247.3, '2024-04-13'),
('REC-336', 'LOT-035', 2.11, 248.0, '2024-04-14'),
('REC-337', 'LOT-035', 2.14, 248.5, '2024-04-15'),
('REC-338', 'LOT-035', 2.21, 248.8, '2024-04-16'),
('REC-339', 'LOT-035', 2.26, 249.7, '2024-04-17'),
('REC-340', 'LOT-035', 2.29, 249.8, '2024-04-18'),
('REC-341', 'LOT-036', 2.04, 247.3, '2024-04-16'),
('REC-342', 'LOT-036', 2.1, 247.8, '2024-04-17'),
('REC-343', 'LOT-036', 2.14, 248.7, '2024-04-18'),
('REC-344', 'LOT-036', 2.19, 249.2, '2024-04-19'),
('REC-345', 'LOT-036', 2.27, 249.8, '2024-04-20'),
('REC-346', 'LOT-036', 2.31, 250.4, '2024-04-21'),
('REC-347', 'LOT-036', 2.34, 251.0, '2024-04-22'),
('REC-348', 'LOT-036', 2.4, 251.5, '2024-04-23'),
('REC-349', 'LOT-036', 2.46, 251.9, '2024-04-24'),
('REC-350', 'LOT-037', 2.05, 247.7, '2024-04-19'),
('REC-351', 'LOT-037', 2.1, 248.4, '2024-04-20'),
('REC-352', 'LOT-037', 2.13, 248.1, '2024-04-21'),
('REC-353', 'LOT-037', 2.2, 249.1, '2024-04-22'),
('REC-354', 'LOT-037', 2.24, 249.0, '2024-04-23'),
('REC-355', 'LOT-037', 2.28, 249.7, '2024-04-24'),
('REC-356', 'LOT-037', 2.35, 250.7, '2024-04-25'),
('REC-357', 'LOT-037', 2.38, 251.4, '2024-04-26'),
('REC-358', 'LOT-038', 2.04, 247.9, '2024-04-22'),
('REC-359', 'LOT-038', 2.12, 247.9, '2024-04-23'),
('REC-360', 'LOT-038', 2.17, 248.8, '2024-04-24'),
('REC-361', 'LOT-038', 2.22, 249.0, '2024-04-25'),
('REC-362', 'LOT-038', 2.25, 249.4, '2024-04-26'),
('REC-363', 'LOT-038', 2.3, 249.7, '2024-04-27'),
('REC-364', 'LOT-038', 2.37, 250.8, '2024-04-28'),
('REC-365', 'LOT-039', 2.05, 247.8, '2024-04-25'),
('REC-366', 'LOT-039', 2.09, 248.5, '2024-04-26'),
('REC-367', 'LOT-039', 2.17, 248.6, '2024-04-27'),
('REC-368', 'LOT-039', 2.21, 249.3, '2024-04-28'),
('REC-369', 'LOT-039', 2.27, 250.0, '2024-04-29'),
('REC-370', 'LOT-039', 2.3, 249.8, '2024-04-30'),
('REC-371', 'LOT-040', 2.05, 247.3, '2024-04-28'),
('REC-372', 'LOT-040', 2.1, 247.7, '2024-04-29'),
('REC-373', 'LOT-040', 2.16, 248.1, '2024-04-30'),
('REC-374', 'LOT-040', 2.18, 248.9, '2024-05-01'),
('REC-375', 'LOT-040', 2.25, 249.4, '2024-05-02'),
('REC-376', 'LOT-041', 2.03, 247.8, '2024-05-01'),
('REC-377', 'LOT-041', 2.11, 247.7, '2024-05-02'),
('REC-378', 'LOT-041', 2.17, 248.3, '2024-05-03'),
('REC-379', 'LOT-041', 2.19, 248.7, '2024-05-04'),
('REC-380', 'LOT-041', 2.26, 249.8, '2024-05-05'),
('REC-381', 'LOT-042', 2.04, 247.4, '2024-05-04'),
('REC-382', 'LOT-042', 2.1, 248.3, '2024-05-05'),
('REC-383', 'LOT-042', 2.16, 248.3, '2024-05-06'),
('REC-384', 'LOT-042', 2.19, 248.5, '2024-05-07'),
('REC-385', 'LOT-043', 2.04, 247.2, '2024-05-07'),
('REC-386', 'LOT-043', 2.09, 248.1, '2024-05-08'),
('REC-387', 'LOT-043', 2.14, 248.8, '2024-05-09'),
('REC-388', 'LOT-044', 2.04, 247.1, '2024-05-10'),
('REC-389', 'LOT-044', 2.09, 248.4, '2024-05-11'),
('REC-390', 'LOT-045', 2.06, 247.1, '2024-05-13');

INSERT INTO STACKING (stack_id, lot_id, engineer_id, recommend_id, stack_seq, pressure, void_area_pct, stack_date) VALUES
('STK-001', 'LOT-001', 'ENG002', 'REC-001', 1, 2.04, 0.82979087282016, '2024-01-02'),
('STK-002', 'LOT-001', 'ENG003', 'REC-002', 2, 2.12, 0.767, '2024-01-03'),
('STK-003', 'LOT-001', 'ENG001', 'REC-003', 3, 2.15, 0.71, '2024-01-04'),
('STK-004', 'LOT-001', 'ENG002', 'REC-004', 4, 2.21, 0.679, '2024-01-05'),
('STK-005', 'LOT-001', 'ENG003', 'REC-005', 5, 2.21, 0.644, '2024-01-06'),
('STK-006', 'LOT-001', 'ENG001', 'REC-006', 6, 2.3, 0.576, '2024-01-07'),
('STK-007', 'LOT-001', 'ENG002', 'REC-007', 7, 2.36, 0.534, '2024-01-08'),
('STK-008', 'LOT-001', 'ENG003', 'REC-008', 8, 2.4, 0.484, '2024-01-09'),
('STK-009', 'LOT-001', 'ENG001', 'REC-009', 9, 2.43, 0.43, '2024-01-10'),
('STK-010', 'LOT-001', 'ENG002', 'REC-010', 10, 2.54, 0.357, '2024-01-11'),
('STK-011', 'LOT-002', 'ENG003', 'REC-011', 1, 2.03, 0.8514183862795576, '2024-01-05'),
('STK-012', 'LOT-002', 'ENG001', 'REC-012', 2, 2.06, 0.808, '2024-01-06'),
('STK-013', 'LOT-002', 'ENG002', 'REC-013', 3, 2.14, 0.771, '2024-01-07'),
('STK-014', 'LOT-002', 'ENG003', 'REC-014', 4, 2.23, 0.709, '2024-01-08'),
('STK-015', 'LOT-002', 'ENG001', 'REC-015', 5, 2.27, 0.656, '2024-01-09'),
('STK-016', 'LOT-002', 'ENG002', 'REC-016', 6, 2.28, 0.58, '2024-01-10'),
('STK-017', 'LOT-002', 'ENG003', 'REC-017', 7, 2.39, 0.503, '2024-01-11'),
('STK-018', 'LOT-002', 'ENG001', 'REC-018', 8, 2.4, 0.473, '2024-01-12'),
('STK-019', 'LOT-002', 'ENG002', 'REC-019', 9, 2.45, 0.412, '2024-01-13'),
('STK-020', 'LOT-002', 'ENG003', 'REC-020', 10, 2.5, 0.354, '2024-01-14'),
('STK-021', 'LOT-003', 'ENG001', 'REC-021', 1, 2.04, 0.864183551186085, '2024-01-08'),
('STK-022', 'LOT-003', 'ENG002', 'REC-022', 2, 2.09, 0.799, '2024-01-09'),
('STK-023', 'LOT-003', 'ENG003', 'REC-023', 3, 2.15, 0.741, '2024-01-10'),
('STK-024', 'LOT-003', 'ENG001', 'REC-024', 4, 2.21, 0.705, '2024-01-11'),
('STK-025', 'LOT-003', 'ENG002', 'REC-025', 5, 2.3, 0.628, '2024-01-12'),
('STK-026', 'LOT-003', 'ENG003', 'REC-026', 6, 2.31, 0.563, '2024-01-13'),
('STK-027', 'LOT-003', 'ENG001', 'REC-027', 7, 2.32, 0.526, '2024-01-14'),
('STK-028', 'LOT-003', 'ENG002', 'REC-028', 8, 2.41, 0.494, '2024-01-15'),
('STK-029', 'LOT-003', 'ENG003', 'REC-029', 9, 2.44, 0.446, '2024-01-16'),
('STK-030', 'LOT-003', 'ENG001', 'REC-030', 10, 2.48, 0.388, '2024-01-17'),
('STK-031', 'LOT-004', 'ENG002', 'REC-031', 1, 2.07, 0.8598465978564783, '2024-01-11'),
('STK-032', 'LOT-004', 'ENG003', 'REC-032', 2, 2.13, 0.816, '2024-01-12'),
('STK-033', 'LOT-004', 'ENG001', 'REC-033', 3, 2.14, 0.783, '2024-01-13'),
('STK-034', 'LOT-004', 'ENG002', 'REC-034', 4, 2.24, 0.714, '2024-01-14'),
('STK-035', 'LOT-004', 'ENG003', 'REC-035', 5, 2.24, 0.666, '2024-01-15'),
('STK-036', 'LOT-004', 'ENG001', 'REC-036', 6, 2.31, 0.611, '2024-01-16'),
('STK-037', 'LOT-004', 'ENG002', 'REC-037', 7, 2.35, 0.547, '2024-01-17'),
('STK-038', 'LOT-004', 'ENG003', 'REC-038', 8, 2.43, 0.475, '2024-01-18'),
('STK-039', 'LOT-004', 'ENG001', 'REC-039', 9, 2.43, 0.428, '2024-01-19'),
('STK-040', 'LOT-004', 'ENG002', 'REC-040', 10, 2.53, 0.397, '2024-01-20'),
('STK-041', 'LOT-005', 'ENG003', 'REC-041', 1, 2.07, 0.8606075168758163, '2024-01-14'),
('STK-042', 'LOT-005', 'ENG001', 'REC-042', 2, 2.12, 0.789, '2024-01-15'),
('STK-043', 'LOT-005', 'ENG002', 'REC-043', 3, 2.18, 0.744, '2024-01-16'),
('STK-044', 'LOT-005', 'ENG003', 'REC-044', 4, 2.21, 0.703, '2024-01-17'),
('STK-045', 'LOT-005', 'ENG001', 'REC-045', 5, 2.27, 0.634, '2024-01-18'),
('STK-046', 'LOT-005', 'ENG002', 'REC-046', 6, 2.3, 0.574, '2024-01-19'),
('STK-047', 'LOT-005', 'ENG003', 'REC-047', 7, 2.38, 0.528, '2024-01-20'),
('STK-048', 'LOT-005', 'ENG001', 'REC-048', 8, 2.38, 0.476, '2024-01-21'),
('STK-049', 'LOT-005', 'ENG002', 'REC-049', 9, 2.48, 0.412, '2024-01-22'),
('STK-050', 'LOT-005', 'ENG003', 'REC-050', 10, 2.5, 0.356, '2024-01-23'),
('STK-051', 'LOT-006', 'ENG001', 'REC-051', 1, 2.08, 0.8758925290371867, '2024-01-17'),
('STK-052', 'LOT-006', 'ENG002', 'REC-052', 2, 2.13, 0.83, '2024-01-18'),
('STK-053', 'LOT-006', 'ENG003', 'REC-053', 3, 2.15, 0.762, '2024-01-19'),
('STK-054', 'LOT-006', 'ENG001', 'REC-054', 4, 2.2, 0.71, '2024-01-20'),
('STK-055', 'LOT-006', 'ENG002', 'REC-055', 5, 2.25, 0.639, '2024-01-21'),
('STK-056', 'LOT-006', 'ENG003', 'REC-056', 6, 2.28, 0.564, '2024-01-22'),
('STK-057', 'LOT-006', 'ENG001', 'REC-057', 7, 2.35, 0.513, '2024-01-23'),
('STK-058', 'LOT-006', 'ENG002', 'REC-058', 8, 2.37, 0.438, '2024-01-24'),
('STK-059', 'LOT-006', 'ENG003', 'REC-059', 9, 2.43, 0.386, '2024-01-25'),
('STK-060', 'LOT-006', 'ENG001', 'REC-060', 10, 2.52, 0.348, '2024-01-26'),
('STK-061', 'LOT-007', 'ENG002', 'REC-061', 1, 2.06, 0.868822947755025, '2024-01-20'),
('STK-062', 'LOT-007', 'ENG003', 'REC-062', 2, 2.11, 0.825, '2024-01-21'),
('STK-063', 'LOT-007', 'ENG001', 'REC-063', 3, 2.15, 0.771, '2024-01-22'),
('STK-064', 'LOT-007', 'ENG002', 'REC-064', 4, 2.18, 0.722, '2024-01-23'),
('STK-065', 'LOT-007', 'ENG003', 'REC-065', 5, 2.3, 0.659, '2024-01-24'),
('STK-066', 'LOT-007', 'ENG001', 'REC-066', 6, 2.3, 0.589, '2024-01-25'),
('STK-067', 'LOT-007', 'ENG002', 'REC-067', 7, 2.39, 0.523, '2024-01-26'),
('STK-068', 'LOT-007', 'ENG003', 'REC-068', 8, 2.42, 0.451, '2024-01-27'),
('STK-069', 'LOT-007', 'ENG001', 'REC-069', 9, 2.41, 0.375, '2024-01-28'),
('STK-070', 'LOT-007', 'ENG002', 'REC-070', 10, 2.49, 0.296, '2024-01-29'),
('STK-071', 'LOT-008', 'ENG003', 'REC-071', 1, 2.03, 0.8977791886175432, '2024-01-23'),
('STK-072', 'LOT-008', 'ENG001', 'REC-072', 2, 2.12, 0.86, '2024-01-24'),
('STK-073', 'LOT-008', 'ENG002', 'REC-073', 3, 2.16, 0.814, '2024-01-25'),
('STK-074', 'LOT-008', 'ENG003', 'REC-074', 4, 2.19, 0.755, '2024-01-26'),
('STK-075', 'LOT-008', 'ENG001', 'REC-075', 5, 2.2, 0.679, '2024-01-27'),
('STK-076', 'LOT-008', 'ENG002', 'REC-076', 6, 2.3, 0.62, '2024-01-28'),
('STK-077', 'LOT-008', 'ENG003', 'REC-077', 7, 2.34, 0.545, '2024-01-29'),
('STK-078', 'LOT-008', 'ENG001', 'REC-078', 8, 2.39, 0.496, '2024-01-30'),
('STK-079', 'LOT-008', 'ENG002', 'REC-079', 9, 2.49, 0.419, '2024-01-31'),
('STK-080', 'LOT-008', 'ENG003', 'REC-080', 10, 2.53, 0.379, '2024-02-01'),
('STK-081', 'LOT-009', 'ENG001', 'REC-081', 1, 2.03, 0.8536396619891375, '2024-01-26'),
('STK-082', 'LOT-009', 'ENG002', 'REC-082', 2, 2.08, 0.799, '2024-01-27'),
('STK-083', 'LOT-009', 'ENG003', 'REC-083', 3, 2.15, 0.753, '2024-01-28'),
('STK-084', 'LOT-009', 'ENG001', 'REC-084', 4, 2.17, 0.699, '2024-01-29'),
('STK-085', 'LOT-009', 'ENG002', 'REC-085', 5, 2.23, 0.651, '2024-01-30'),
('STK-086', 'LOT-009', 'ENG003', 'REC-086', 6, 2.33, 0.608, '2024-01-31'),
('STK-087', 'LOT-009', 'ENG001', 'REC-087', 7, 2.35, 0.564, '2024-02-01'),
('STK-088', 'LOT-009', 'ENG002', 'REC-088', 8, 2.4, 0.504, '2024-02-02'),
('STK-089', 'LOT-009', 'ENG003', 'REC-089', 9, 2.47, 0.43, '2024-02-03'),
('STK-090', 'LOT-009', 'ENG001', 'REC-090', 10, 2.52, 0.372, '2024-02-04'),
('STK-091', 'LOT-010', 'ENG002', 'REC-091', 1, 2.03, 0.8908018485711031, '2024-01-29'),
('STK-092', 'LOT-010', 'ENG003', 'REC-092', 2, 2.14, 0.854, '2024-01-30'),
('STK-093', 'LOT-010', 'ENG001', 'REC-093', 3, 2.13, 0.822, '2024-01-31'),
('STK-094', 'LOT-010', 'ENG002', 'REC-094', 4, 2.18, 0.789, '2024-02-01'),
('STK-095', 'LOT-010', 'ENG003', 'REC-095', 5, 2.24, 0.744, '2024-02-02'),
('STK-096', 'LOT-010', 'ENG001', 'REC-096', 6, 2.28, 0.667, '2024-02-03'),
('STK-097', 'LOT-010', 'ENG002', 'REC-097', 7, 2.37, 0.605, '2024-02-04'),
('STK-098', 'LOT-010', 'ENG003', 'REC-098', 8, 2.39, 0.537, '2024-02-05'),
('STK-099', 'LOT-010', 'ENG001', 'REC-099', 9, 2.45, 0.502, '2024-02-06'),
('STK-100', 'LOT-010', 'ENG002', 'REC-100', 10, 2.46, 0.471, '2024-02-07'),
('STK-101', 'LOT-011', 'ENG003', 'REC-101', 1, 2.04, 0.8669912479007685, '2024-02-01'),
('STK-102', 'LOT-011', 'ENG001', 'REC-102', 2, 2.08, 0.835, '2024-02-02'),
('STK-103', 'LOT-011', 'ENG002', 'REC-103', 3, 2.16, 0.791, '2024-02-03'),
('STK-104', 'LOT-011', 'ENG003', 'REC-104', 4, 2.23, 0.747, '2024-02-04'),
('STK-105', 'LOT-011', 'ENG001', 'REC-105', 5, 2.24, 0.674, '2024-02-05'),
('STK-106', 'LOT-011', 'ENG002', 'REC-106', 6, 2.3, 0.64, '2024-02-06'),
('STK-107', 'LOT-011', 'ENG003', 'REC-107', 7, 2.37, 0.598, '2024-02-07'),
('STK-108', 'LOT-011', 'ENG001', 'REC-108', 8, 2.38, 0.555, '2024-02-08'),
('STK-109', 'LOT-011', 'ENG002', 'REC-109', 9, 2.46, 0.485, '2024-02-09'),
('STK-110', 'LOT-011', 'ENG003', 'REC-110', 10, 2.52, 0.426, '2024-02-10'),
('STK-111', 'LOT-012', 'ENG001', 'REC-111', 1, 2.02, 0.9014244944540604, '2024-02-04'),
('STK-112', 'LOT-012', 'ENG002', 'REC-112', 2, 2.06, 0.823, '2024-02-05'),
('STK-113', 'LOT-012', 'ENG003', 'REC-113', 3, 2.18, 0.769, '2024-02-06'),
('STK-114', 'LOT-012', 'ENG001', 'REC-114', 4, 2.18, 0.719, '2024-02-07'),
('STK-115', 'LOT-012', 'ENG002', 'REC-115', 5, 2.24, 0.673, '2024-02-08'),
('STK-116', 'LOT-012', 'ENG003', 'REC-116', 6, 2.27, 0.638, '2024-02-09'),
('STK-117', 'LOT-012', 'ENG001', 'REC-117', 7, 2.33, 0.6, '2024-02-10'),
('STK-118', 'LOT-012', 'ENG002', 'REC-118', 8, 2.39, 0.549, '2024-02-11'),
('STK-119', 'LOT-012', 'ENG003', 'REC-119', 9, 2.47, 0.494, '2024-02-12'),
('STK-120', 'LOT-012', 'ENG001', 'REC-120', 10, 2.48, 0.431, '2024-02-13'),
('STK-121', 'LOT-013', 'ENG002', 'REC-121', 1, 2.05, 0.8615490342935352, '2024-02-07'),
('STK-122', 'LOT-013', 'ENG003', 'REC-122', 2, 2.08, 0.807, '2024-02-08'),
('STK-123', 'LOT-013', 'ENG001', 'REC-123', 3, 2.16, 0.753, '2024-02-09'),
('STK-124', 'LOT-013', 'ENG002', 'REC-124', 4, 2.21, 0.7, '2024-02-10'),
('STK-125', 'LOT-013', 'ENG003', 'REC-125', 5, 2.27, 0.663, '2024-02-11'),
('STK-126', 'LOT-013', 'ENG001', 'REC-126', 6, 2.32, 0.623, '2024-02-12'),
('STK-127', 'LOT-013', 'ENG002', 'REC-127', 7, 2.36, 0.563, '2024-02-13'),
('STK-128', 'LOT-013', 'ENG003', 'REC-128', 8, 2.4, 0.496, '2024-02-14'),
('STK-129', 'LOT-013', 'ENG001', 'REC-129', 9, 2.44, 0.459, '2024-02-15'),
('STK-130', 'LOT-013', 'ENG002', 'REC-130', 10, 2.53, 0.426, '2024-02-16'),
('STK-131', 'LOT-014', 'ENG003', 'REC-131', 1, 2.04, 0.821534759791526, '2024-02-10'),
('STK-132', 'LOT-014', 'ENG001', 'REC-132', 2, 2.14, 0.784, '2024-02-11'),
('STK-133', 'LOT-014', 'ENG002', 'REC-133', 3, 2.16, 0.71, '2024-02-12'),
('STK-134', 'LOT-014', 'ENG003', 'REC-134', 4, 2.18, 0.632, '2024-02-13'),
('STK-135', 'LOT-014', 'ENG001', 'REC-135', 5, 2.27, 0.598, '2024-02-14'),
('STK-136', 'LOT-014', 'ENG002', 'REC-136', 6, 2.29, 0.529, '2024-02-15'),
('STK-137', 'LOT-014', 'ENG003', 'REC-137', 7, 2.31, 0.486, '2024-02-16'),
('STK-138', 'LOT-014', 'ENG001', 'REC-138', 8, 2.38, 0.425, '2024-02-17'),
('STK-139', 'LOT-014', 'ENG002', 'REC-139', 9, 2.44, 0.375, '2024-02-18'),
('STK-140', 'LOT-014', 'ENG003', 'REC-140', 10, 2.49, 0.341, '2024-02-19'),
('STK-141', 'LOT-015', 'ENG001', 'REC-141', 1, 2.08, 0.9098908531700322, '2024-02-13'),
('STK-142', 'LOT-015', 'ENG002', 'REC-142', 2, 2.1, 0.857, '2024-02-14'),
('STK-143', 'LOT-015', 'ENG003', 'REC-143', 3, 2.15, 0.813, '2024-02-15'),
('STK-144', 'LOT-015', 'ENG001', 'REC-144', 4, 2.17, 0.756, '2024-02-16'),
('STK-145', 'LOT-015', 'ENG002', 'REC-145', 5, 2.25, 0.722, '2024-02-17'),
('STK-146', 'LOT-015', 'ENG003', 'REC-146', 6, 2.33, 0.645, '2024-02-18'),
('STK-147', 'LOT-015', 'ENG001', 'REC-147', 7, 2.38, 0.566, '2024-02-19'),
('STK-148', 'LOT-015', 'ENG002', 'REC-148', 8, 2.37, 0.521, '2024-02-20'),
('STK-149', 'LOT-015', 'ENG003', 'REC-149', 9, 2.46, 0.443, '2024-02-21'),
('STK-150', 'LOT-015', 'ENG001', 'REC-150', 10, 2.49, 0.378, '2024-02-22'),
('STK-151', 'LOT-016', 'ENG002', 'REC-151', 1, 2.09, 0.8615503093418777, '2024-02-16'),
('STK-152', 'LOT-016', 'ENG003', 'REC-152', 2, 2.08, 0.822, '2024-02-17'),
('STK-153', 'LOT-016', 'ENG001', 'REC-153', 3, 2.17, 0.753, '2024-02-18'),
('STK-154', 'LOT-016', 'ENG002', 'REC-154', 4, 2.23, 0.679, '2024-02-19'),
('STK-155', 'LOT-016', 'ENG003', 'REC-155', 5, 2.24, 0.631, '2024-02-20'),
('STK-156', 'LOT-016', 'ENG001', 'REC-156', 6, 2.28, 0.576, '2024-02-21'),
('STK-157', 'LOT-016', 'ENG002', 'REC-157', 7, 2.35, 0.532, '2024-02-22'),
('STK-158', 'LOT-016', 'ENG003', 'REC-158', 8, 2.42, 0.494, '2024-02-23'),
('STK-159', 'LOT-016', 'ENG001', 'REC-159', 9, 2.48, 0.418, '2024-02-24'),
('STK-160', 'LOT-016', 'ENG002', 'REC-160', 10, 2.5, 0.341, '2024-02-25'),
('STK-161', 'LOT-017', 'ENG003', 'REC-161', 1, 2.07, 0.8434800032431329, '2024-02-19'),
('STK-162', 'LOT-017', 'ENG001', 'REC-162', 2, 2.13, 0.787, '2024-02-20'),
('STK-163', 'LOT-017', 'ENG002', 'REC-163', 3, 2.12, 0.738, '2024-02-21'),
('STK-164', 'LOT-017', 'ENG003', 'REC-164', 4, 2.18, 0.689, '2024-02-22'),
('STK-165', 'LOT-017', 'ENG001', 'REC-165', 5, 2.24, 0.612, '2024-02-23'),
('STK-166', 'LOT-017', 'ENG002', 'REC-166', 6, 2.32, 0.547, '2024-02-24'),
('STK-167', 'LOT-017', 'ENG003', 'REC-167', 7, 2.34, 0.49, '2024-02-25'),
('STK-168', 'LOT-017', 'ENG001', 'REC-168', 8, 2.38, 0.431, '2024-02-26'),
('STK-169', 'LOT-017', 'ENG002', 'REC-169', 9, 2.46, 0.365, '2024-02-27'),
('STK-170', 'LOT-017', 'ENG003', 'REC-170', 10, 2.49, 0.291, '2024-02-28'),
('STK-171', 'LOT-018', 'ENG001', 'REC-171', 1, 2.02, 0.9040215456863151, '2024-02-22'),
('STK-172', 'LOT-018', 'ENG002', 'REC-172', 2, 2.07, 0.94, '2024-02-23'),
('STK-173', 'LOT-018', 'ENG003', 'REC-173', 3, 2.13, 0.928, '2024-02-24'),
('STK-174', 'LOT-018', 'ENG001', 'REC-174', 4, 2.22, 0.969, '2024-02-25'),
('STK-175', 'LOT-018', 'ENG002', 'REC-175', 5, 2.27, 0.958, '2024-02-26'),
('STK-176', 'LOT-018', 'ENG003', 'REC-176', 6, 2.3, 0.963, '2024-02-27'),
('STK-177', 'LOT-018', 'ENG001', 'REC-177', 7, 2.36, 0.99, '2024-02-28'),
('STK-178', 'LOT-018', 'ENG002', 'REC-178', 8, 2.39, 0.99, '2024-02-29'),
('STK-179', 'LOT-018', 'ENG003', 'REC-179', 9, 2.45, 0.971, '2024-03-01'),
('STK-180', 'LOT-018', 'ENG001', 'REC-180', 10, 2.49, 0.97, '2024-03-02'),
('STK-181', 'LOT-019', 'ENG002', 'REC-181', 1, 2.07, 0.9065492315702313, '2024-02-25'),
('STK-182', 'LOT-019', 'ENG003', 'REC-182', 2, 2.08, 0.855, '2024-02-26'),
('STK-183', 'LOT-019', 'ENG001', 'REC-183', 3, 2.14, 0.781, '2024-02-27'),
('STK-184', 'LOT-019', 'ENG002', 'REC-184', 4, 2.18, 0.73, '2024-02-28'),
('STK-185', 'LOT-019', 'ENG003', 'REC-185', 5, 2.28, 0.659, '2024-02-29'),
('STK-186', 'LOT-019', 'ENG001', 'REC-186', 6, 2.34, 0.609, '2024-03-01'),
('STK-187', 'LOT-019', 'ENG002', 'REC-187', 7, 2.32, 0.543, '2024-03-02'),
('STK-188', 'LOT-019', 'ENG003', 'REC-188', 8, 2.36, 0.497, '2024-03-03'),
('STK-189', 'LOT-019', 'ENG001', 'REC-189', 9, 2.44, 0.451, '2024-03-04'),
('STK-190', 'LOT-019', 'ENG002', 'REC-190', 10, 2.49, 0.408, '2024-03-05'),
('STK-191', 'LOT-020', 'ENG003', 'REC-191', 1, 2.04, 0.8893471187855659, '2024-02-28'),
('STK-192', 'LOT-020', 'ENG001', 'REC-192', 2, 2.1, 0.858, '2024-02-29'),
('STK-193', 'LOT-020', 'ENG002', 'REC-193', 3, 2.13, 0.814, '2024-03-01'),
('STK-194', 'LOT-020', 'ENG003', 'REC-194', 4, 2.24, 0.746, '2024-03-02'),
('STK-195', 'LOT-020', 'ENG001', 'REC-195', 5, 2.21, 0.67, '2024-03-03'),
('STK-196', 'LOT-020', 'ENG002', 'REC-196', 6, 2.28, 0.622, '2024-03-04'),
('STK-197', 'LOT-020', 'ENG003', 'REC-197', 7, 2.33, 0.583, '2024-03-05'),
('STK-198', 'LOT-020', 'ENG001', 'REC-198', 8, 2.38, 0.546, '2024-03-06'),
('STK-199', 'LOT-020', 'ENG002', 'REC-199', 9, 2.46, 0.483, '2024-03-07'),
('STK-200', 'LOT-020', 'ENG003', 'REC-200', 10, 2.52, 0.45, '2024-03-08'),
('STK-201', 'LOT-021', 'ENG001', 'REC-201', 1, 2.03, 0.8329185701759214, '2024-03-02'),
('STK-202', 'LOT-021', 'ENG002', 'REC-202', 2, 2.09, 0.776, '2024-03-03'),
('STK-203', 'LOT-021', 'ENG003', 'REC-203', 3, 2.13, 0.734, '2024-03-04'),
('STK-204', 'LOT-021', 'ENG001', 'REC-204', 4, 2.23, 0.676, '2024-03-05'),
('STK-205', 'LOT-021', 'ENG002', 'REC-205', 5, 2.22, 0.613, '2024-03-06'),
('STK-206', 'LOT-021', 'ENG003', 'REC-206', 6, 2.27, 0.565, '2024-03-07'),
('STK-207', 'LOT-021', 'ENG001', 'REC-207', 7, 2.34, 0.515, '2024-03-08'),
('STK-208', 'LOT-021', 'ENG002', 'REC-208', 8, 2.42, 0.448, '2024-03-09'),
('STK-209', 'LOT-021', 'ENG003', 'REC-209', 9, 2.47, 0.396, '2024-03-10'),
('STK-210', 'LOT-021', 'ENG001', 'REC-210', 10, 2.5, 0.343, '2024-03-11'),
('STK-211', 'LOT-022', 'ENG002', 'REC-211', 1, 2.06, 0.866395306851302, '2024-03-05'),
('STK-212', 'LOT-022', 'ENG003', 'REC-212', 2, 2.1, 0.808, '2024-03-06'),
('STK-213', 'LOT-022', 'ENG001', 'REC-213', 3, 2.1, 0.749, '2024-03-07'),
('STK-214', 'LOT-022', 'ENG002', 'REC-214', 4, 2.2, 0.685, '2024-03-08'),
('STK-215', 'LOT-022', 'ENG003', 'REC-215', 5, 2.28, 0.611, '2024-03-09'),
('STK-216', 'LOT-022', 'ENG001', 'REC-216', 6, 2.33, 0.549, '2024-03-10'),
('STK-217', 'LOT-022', 'ENG002', 'REC-217', 7, 2.38, 0.47, '2024-03-11'),
('STK-218', 'LOT-022', 'ENG003', 'REC-218', 8, 2.41, 0.424, '2024-03-12'),
('STK-219', 'LOT-022', 'ENG001', 'REC-219', 9, 2.45, 0.345, '2024-03-13'),
('STK-220', 'LOT-022', 'ENG002', 'REC-220', 10, 2.54, 0.299, '2024-03-14'),
('STK-221', 'LOT-023', 'ENG003', 'REC-221', 1, 2.07, 0.8587416559523116, '2024-03-08'),
('STK-222', 'LOT-023', 'ENG001', 'REC-222', 2, 2.1, 0.79, '2024-03-09'),
('STK-223', 'LOT-023', 'ENG002', 'REC-223', 3, 2.18, 0.726, '2024-03-10'),
('STK-224', 'LOT-023', 'ENG003', 'REC-224', 4, 2.22, 0.693, '2024-03-11'),
('STK-225', 'LOT-023', 'ENG001', 'REC-225', 5, 2.24, 0.631, '2024-03-12'),
('STK-226', 'LOT-023', 'ENG002', 'REC-226', 6, 2.3, 0.584, '2024-03-13'),
('STK-227', 'LOT-023', 'ENG003', 'REC-227', 7, 2.39, 0.538, '2024-03-14'),
('STK-228', 'LOT-023', 'ENG001', 'REC-228', 8, 2.38, 0.48, '2024-03-15'),
('STK-229', 'LOT-023', 'ENG002', 'REC-229', 9, 2.46, 0.431, '2024-03-16'),
('STK-230', 'LOT-023', 'ENG003', 'REC-230', 10, 2.47, 0.388, '2024-03-17'),
('STK-231', 'LOT-024', 'ENG001', 'REC-231', 1, 2.07, 0.9076392772542742, '2024-03-11'),
('STK-232', 'LOT-024', 'ENG002', 'REC-232', 2, 2.12, 0.847, '2024-03-12'),
('STK-233', 'LOT-024', 'ENG003', 'REC-233', 3, 2.17, 0.787, '2024-03-13'),
('STK-234', 'LOT-024', 'ENG001', 'REC-234', 4, 2.19, 0.749, '2024-03-14'),
('STK-235', 'LOT-024', 'ENG002', 'REC-235', 5, 2.26, 0.71, '2024-03-15'),
('STK-236', 'LOT-024', 'ENG003', 'REC-236', 6, 2.31, 0.645, '2024-03-16'),
('STK-237', 'LOT-024', 'ENG001', 'REC-237', 7, 2.33, 0.584, '2024-03-17'),
('STK-238', 'LOT-024', 'ENG002', 'REC-238', 8, 2.37, 0.509, '2024-03-18'),
('STK-239', 'LOT-024', 'ENG003', 'REC-239', 9, 2.48, 0.443, '2024-03-19'),
('STK-240', 'LOT-024', 'ENG001', 'REC-240', 10, 2.49, 0.411, '2024-03-20'),
('STK-241', 'LOT-025', 'ENG002', 'REC-241', 1, 2.01, 0.9130471927126276, '2024-03-14'),
('STK-242', 'LOT-025', 'ENG003', 'REC-242', 2, 2.14, 0.862, '2024-03-15'),
('STK-243', 'LOT-025', 'ENG001', 'REC-243', 3, 2.17, 0.812, '2024-03-16'),
('STK-244', 'LOT-025', 'ENG002', 'REC-244', 4, 2.2, 0.763, '2024-03-17'),
('STK-245', 'LOT-025', 'ENG003', 'REC-245', 5, 2.25, 0.714, '2024-03-18'),
('STK-246', 'LOT-025', 'ENG001', 'REC-246', 6, 2.28, 0.68, '2024-03-19'),
('STK-247', 'LOT-025', 'ENG002', 'REC-247', 7, 2.34, 0.639, '2024-03-20'),
('STK-248', 'LOT-025', 'ENG003', 'REC-248', 8, 2.42, 0.593, '2024-03-21'),
('STK-249', 'LOT-025', 'ENG001', 'REC-249', 9, 2.46, 0.558, '2024-03-22'),
('STK-250', 'LOT-025', 'ENG002', 'REC-250', 10, 2.49, 0.492, '2024-03-23'),
('STK-251', 'LOT-026', 'ENG003', 'REC-251', 1, 2.02, 0.8986412335845317, '2024-03-17'),
('STK-252', 'LOT-026', 'ENG001', 'REC-252', 2, 2.08, 0.843, '2024-03-18'),
('STK-253', 'LOT-026', 'ENG002', 'REC-253', 3, 2.15, 0.812, '2024-03-19'),
('STK-254', 'LOT-026', 'ENG003', 'REC-254', 4, 2.24, 0.738, '2024-03-20'),
('STK-255', 'LOT-026', 'ENG001', 'REC-255', 5, 2.23, 0.706, '2024-03-21'),
('STK-256', 'LOT-026', 'ENG002', 'REC-256', 6, 2.28, 0.657, '2024-03-22'),
('STK-257', 'LOT-026', 'ENG003', 'REC-257', 7, 2.36, 0.608, '2024-03-23'),
('STK-258', 'LOT-026', 'ENG001', 'REC-258', 8, 2.38, 0.541, '2024-03-24'),
('STK-259', 'LOT-026', 'ENG002', 'REC-259', 9, 2.43, 0.493, '2024-03-25'),
('STK-260', 'LOT-026', 'ENG003', 'REC-260', 10, 2.53, 0.46, '2024-03-26'),
('STK-261', 'LOT-027', 'ENG001', 'REC-261', 1, 2.03, 0.8386817217589938, '2024-03-20'),
('STK-262', 'LOT-027', 'ENG002', 'REC-262', 2, 2.1, 0.774, '2024-03-21'),
('STK-263', 'LOT-027', 'ENG003', 'REC-263', 3, 2.14, 0.726, '2024-03-22'),
('STK-264', 'LOT-027', 'ENG001', 'REC-264', 4, 2.22, 0.656, '2024-03-23'),
('STK-265', 'LOT-027', 'ENG002', 'REC-265', 5, 2.27, 0.613, '2024-03-24'),
('STK-266', 'LOT-027', 'ENG003', 'REC-266', 6, 2.27, 0.579, '2024-03-25'),
('STK-267', 'LOT-027', 'ENG001', 'REC-267', 7, 2.33, 0.528, '2024-03-26'),
('STK-268', 'LOT-027', 'ENG002', 'REC-268', 8, 2.39, 0.476, '2024-03-27'),
('STK-269', 'LOT-027', 'ENG003', 'REC-269', 9, 2.43, 0.396, '2024-03-28'),
('STK-270', 'LOT-027', 'ENG001', 'REC-270', 10, 2.54, 0.357, '2024-03-29'),
('STK-271', 'LOT-028', 'ENG002', 'REC-271', 1, 2.08, 0.8478689766299811, '2024-03-23'),
('STK-272', 'LOT-028', 'ENG003', 'REC-272', 2, 2.06, 0.77, '2024-03-24'),
('STK-273', 'LOT-028', 'ENG001', 'REC-273', 3, 2.17, 0.739, '2024-03-25'),
('STK-274', 'LOT-028', 'ENG002', 'REC-274', 4, 2.24, 0.7, '2024-03-26'),
('STK-275', 'LOT-028', 'ENG003', 'REC-275', 5, 2.26, 0.644, '2024-03-27'),
('STK-276', 'LOT-028', 'ENG001', 'REC-276', 6, 2.27, 0.568, '2024-03-28'),
('STK-277', 'LOT-028', 'ENG002', 'REC-277', 7, 2.34, 0.532, '2024-03-29'),
('STK-278', 'LOT-028', 'ENG003', 'REC-278', 8, 2.42, 0.463, '2024-03-30'),
('STK-279', 'LOT-028', 'ENG001', 'REC-279', 9, 2.46, 0.398, '2024-03-31'),
('STK-280', 'LOT-028', 'ENG002', 'REC-280', 10, 2.49, 0.357, '2024-04-01'),
('STK-281', 'LOT-029', 'ENG003', 'REC-281', 1, 2.06, 0.8774900508476426, '2024-03-26'),
('STK-282', 'LOT-029', 'ENG001', 'REC-282', 2, 2.11, 0.841, '2024-03-27'),
('STK-283', 'LOT-029', 'ENG002', 'REC-283', 3, 2.17, 0.795, '2024-03-28'),
('STK-284', 'LOT-029', 'ENG003', 'REC-284', 4, 2.19, 0.761, '2024-03-29'),
('STK-285', 'LOT-029', 'ENG001', 'REC-285', 5, 2.22, 0.708, '2024-03-30'),
('STK-286', 'LOT-029', 'ENG002', 'REC-286', 6, 2.33, 0.652, '2024-03-31'),
('STK-287', 'LOT-029', 'ENG003', 'REC-287', 7, 2.36, 0.616, '2024-04-01'),
('STK-288', 'LOT-029', 'ENG001', 'REC-288', 8, 2.38, 0.545, '2024-04-02'),
('STK-289', 'LOT-029', 'ENG002', 'REC-289', 9, 2.44, 0.487, '2024-04-03'),
('STK-290', 'LOT-029', 'ENG003', 'REC-290', 10, 2.54, 0.428, '2024-04-04'),
('STK-291', 'LOT-030', 'ENG001', 'REC-291', 1, 2.03, 0.8745577483547268, '2024-03-29'),
('STK-292', 'LOT-030', 'ENG002', 'REC-292', 2, 2.14, 0.812, '2024-03-30'),
('STK-293', 'LOT-030', 'ENG003', 'REC-293', 3, 2.16, 0.767, '2024-03-31'),
('STK-294', 'LOT-030', 'ENG001', 'REC-294', 4, 2.18, 0.725, '2024-04-01'),
('STK-295', 'LOT-030', 'ENG002', 'REC-295', 5, 2.21, 0.655, '2024-04-02'),
('STK-296', 'LOT-030', 'ENG003', 'REC-296', 6, 2.3, 0.605, '2024-04-03'),
('STK-297', 'LOT-030', 'ENG001', 'REC-297', 7, 2.37, 0.552, '2024-04-04'),
('STK-298', 'LOT-030', 'ENG002', 'REC-298', 8, 2.42, 0.488, '2024-04-05'),
('STK-299', 'LOT-030', 'ENG003', 'REC-299', 9, 2.47, 0.45, '2024-04-06'),
('STK-300', 'LOT-030', 'ENG001', 'REC-300', 10, 2.5, 0.399, '2024-04-07'),
('STK-301', 'LOT-031', 'ENG002', 'REC-301', 1, 2.04, 0.8872520603765449, '2024-04-01'),
('STK-302', 'LOT-031', 'ENG003', 'REC-302', 2, 2.1, 0.843, '2024-04-02'),
('STK-303', 'LOT-031', 'ENG001', 'REC-303', 3, 2.17, 0.813, '2024-04-03'),
('STK-304', 'LOT-031', 'ENG002', 'REC-304', 4, 2.18, 0.778, '2024-04-04'),
('STK-305', 'LOT-031', 'ENG003', 'REC-305', 5, 2.26, 0.741, '2024-04-05'),
('STK-306', 'LOT-031', 'ENG001', 'REC-306', 6, 2.28, 0.698, '2024-04-06'),
('STK-307', 'LOT-031', 'ENG002', 'REC-307', 7, 2.34, 0.65, '2024-04-07'),
('STK-308', 'LOT-031', 'ENG003', 'REC-308', 8, 2.39, 0.6, '2024-04-08'),
('STK-309', 'LOT-031', 'ENG001', 'REC-309', 9, 2.5, 0.568, '2024-04-09'),
('STK-310', 'LOT-031', 'ENG002', 'REC-310', 10, 2.5, 0.535, '2024-04-10'),
('STK-311', 'LOT-032', 'ENG003', 'REC-311', 1, 2.05, 0.8309604589491323, '2024-04-04'),
('STK-312', 'LOT-032', 'ENG001', 'REC-312', 2, 2.08, 0.78, '2024-04-05'),
('STK-313', 'LOT-032', 'ENG002', 'REC-313', 3, 2.15, 0.735, '2024-04-06'),
('STK-314', 'LOT-032', 'ENG003', 'REC-314', 4, 2.21, 0.66, '2024-04-07'),
('STK-315', 'LOT-032', 'ENG001', 'REC-315', 5, 2.26, 0.586, '2024-04-08'),
('STK-316', 'LOT-032', 'ENG002', 'REC-316', 6, 2.28, 0.525, '2024-04-09'),
('STK-317', 'LOT-032', 'ENG003', 'REC-317', 7, 2.35, 0.465, '2024-04-10'),
('STK-318', 'LOT-032', 'ENG001', 'REC-318', 8, 2.42, 0.422, '2024-04-11'),
('STK-319', 'LOT-032', 'ENG002', 'REC-319', 9, 2.48, 0.359, '2024-04-12'),
('STK-320', 'LOT-033', 'ENG003', 'REC-320', 1, 2.08, 0.8880745889569142, '2024-04-07'),
('STK-321', 'LOT-033', 'ENG001', 'REC-321', 2, 2.11, 0.818, '2024-04-08'),
('STK-322', 'LOT-033', 'ENG002', 'REC-322', 3, 2.16, 0.775, '2024-04-09'),
('STK-323', 'LOT-033', 'ENG003', 'REC-323', 4, 2.19, 0.721, '2024-04-10'),
('STK-324', 'LOT-033', 'ENG001', 'REC-324', 5, 2.26, 0.643, '2024-04-11'),
('STK-325', 'LOT-033', 'ENG002', 'REC-325', 6, 2.28, 0.599, '2024-04-12'),
('STK-326', 'LOT-033', 'ENG003', 'REC-326', 7, 2.4, 0.554, '2024-04-13'),
('STK-327', 'LOT-033', 'ENG001', 'REC-327', 8, 2.39, 0.477, '2024-04-14'),
('STK-328', 'LOT-034', 'ENG002', 'REC-328', 1, 2.09, 0.8250765429957464, '2024-04-10'),
('STK-329', 'LOT-034', 'ENG003', 'REC-329', 2, 2.13, 0.75, '2024-04-11'),
('STK-330', 'LOT-034', 'ENG001', 'REC-330', 3, 2.18, 0.709, '2024-04-12'),
('STK-331', 'LOT-034', 'ENG002', 'REC-331', 4, 2.2, 0.667, '2024-04-13'),
('STK-332', 'LOT-034', 'ENG003', 'REC-332', 5, 2.24, 0.632, '2024-04-14'),
('STK-333', 'LOT-034', 'ENG001', 'REC-333', 6, 2.31, 0.585, '2024-04-15'),
('STK-334', 'LOT-034', 'ENG002', 'REC-334', 7, 2.33, 0.531, '2024-04-16'),
('STK-335', 'LOT-035', 'ENG003', 'REC-335', 1, 2.07, 0.8949003201440956, '2024-04-13'),
('STK-336', 'LOT-035', 'ENG001', 'REC-336', 2, 2.13, 0.821, '2024-04-14'),
('STK-337', 'LOT-035', 'ENG002', 'REC-337', 3, 2.13, 0.777, '2024-04-15'),
('STK-338', 'LOT-035', 'ENG003', 'REC-338', 4, 2.22, 0.745, '2024-04-16'),
('STK-339', 'LOT-035', 'ENG001', 'REC-339', 5, 2.23, 0.7, '2024-04-17'),
('STK-340', 'LOT-035', 'ENG002', 'REC-340', 6, 2.3, 0.64, '2024-04-18'),
('STK-341', 'LOT-036', 'ENG003', 'REC-341', 1, 2.04, 0.8527926658740176, '2024-04-16'),
('STK-342', 'LOT-036', 'ENG001', 'REC-342', 2, 2.09, 0.803, '2024-04-17'),
('STK-343', 'LOT-036', 'ENG002', 'REC-343', 3, 2.14, 0.768, '2024-04-18'),
('STK-344', 'LOT-036', 'ENG003', 'REC-344', 4, 2.22, 0.689, '2024-04-19'),
('STK-345', 'LOT-036', 'ENG001', 'REC-345', 5, 2.28, 0.635, '2024-04-20'),
('STK-346', 'LOT-036', 'ENG002', 'REC-346', 6, 2.3, 0.558, '2024-04-21'),
('STK-347', 'LOT-036', 'ENG003', 'REC-347', 7, 2.34, 0.528, '2024-04-22'),
('STK-348', 'LOT-036', 'ENG001', 'REC-348', 8, 2.39, 0.479, '2024-04-23'),
('STK-349', 'LOT-036', 'ENG002', 'REC-349', 9, 2.48, 0.427, '2024-04-24'),
('STK-350', 'LOT-037', 'ENG003', 'REC-350', 1, 2.06, 0.9117244706780976, '2024-04-19'),
('STK-351', 'LOT-037', 'ENG001', 'REC-351', 2, 2.1, 0.876, '2024-04-20'),
('STK-352', 'LOT-037', 'ENG002', 'REC-352', 3, 2.12, 0.805, '2024-04-21'),
('STK-353', 'LOT-037', 'ENG003', 'REC-353', 4, 2.21, 0.73, '2024-04-22'),
('STK-354', 'LOT-037', 'ENG001', 'REC-354', 5, 2.23, 0.69, '2024-04-23'),
('STK-355', 'LOT-037', 'ENG002', 'REC-355', 6, 2.25, 0.633, '2024-04-24'),
('STK-356', 'LOT-037', 'ENG003', 'REC-356', 7, 2.35, 0.595, '2024-04-25'),
('STK-357', 'LOT-037', 'ENG001', 'REC-357', 8, 2.41, 0.522, '2024-04-26'),
('STK-358', 'LOT-038', 'ENG002', 'REC-358', 1, 2.02, 0.9091333605218527, '2024-04-22'),
('STK-359', 'LOT-038', 'ENG003', 'REC-359', 2, 2.1, 0.857, '2024-04-23'),
('STK-360', 'LOT-038', 'ENG001', 'REC-360', 3, 2.19, 0.781, '2024-04-24'),
('STK-361', 'LOT-038', 'ENG002', 'REC-361', 4, 2.23, 0.732, '2024-04-25'),
('STK-362', 'LOT-038', 'ENG003', 'REC-362', 5, 2.23, 0.698, '2024-04-26'),
('STK-363', 'LOT-038', 'ENG001', 'REC-363', 6, 2.28, 0.62, '2024-04-27'),
('STK-364', 'LOT-038', 'ENG002', 'REC-364', 7, 2.34, 0.546, '2024-04-28'),
('STK-365', 'LOT-039', 'ENG003', 'REC-365', 1, 2.07, 0.8646441066248602, '2024-04-25'),
('STK-366', 'LOT-039', 'ENG001', 'REC-366', 2, 2.07, 0.801, '2024-04-26'),
('STK-367', 'LOT-039', 'ENG002', 'REC-367', 3, 2.17, 0.727, '2024-04-27'),
('STK-368', 'LOT-039', 'ENG003', 'REC-368', 4, 2.19, 0.685, '2024-04-28'),
('STK-369', 'LOT-039', 'ENG001', 'REC-369', 5, 2.27, 0.653, '2024-04-29'),
('STK-370', 'LOT-039', 'ENG002', 'REC-370', 6, 2.3, 0.601, '2024-04-30'),
('STK-371', 'LOT-040', 'ENG003', 'REC-371', 1, 2.03, 0.854441482977261, '2024-04-28'),
('STK-372', 'LOT-040', 'ENG001', 'REC-372', 2, 2.08, 0.792, '2024-04-29'),
('STK-373', 'LOT-040', 'ENG002', 'REC-373', 3, 2.16, 0.743, '2024-04-30'),
('STK-374', 'LOT-040', 'ENG003', 'REC-374', 4, 2.17, 0.687, '2024-05-01'),
('STK-375', 'LOT-040', 'ENG001', 'REC-375', 5, 2.24, 0.622, '2024-05-02'),
('STK-376', 'LOT-041', 'ENG002', 'REC-376', 1, 2.04, 0.9029406285215033, '2024-05-01'),
('STK-377', 'LOT-041', 'ENG003', 'REC-377', 2, 2.09, 0.87, '2024-05-02'),
('STK-378', 'LOT-041', 'ENG001', 'REC-378', 3, 2.19, 0.821, '2024-05-03'),
('STK-379', 'LOT-041', 'ENG002', 'REC-379', 4, 2.2, 0.761, '2024-05-04'),
('STK-380', 'LOT-041', 'ENG003', 'REC-380', 5, 2.28, 0.729, '2024-05-05'),
('STK-381', 'LOT-042', 'ENG001', 'REC-381', 1, 2.06, 0.8521615008827402, '2024-05-04'),
('STK-382', 'LOT-042', 'ENG002', 'REC-382', 2, 2.11, 0.808, '2024-05-05'),
('STK-383', 'LOT-042', 'ENG003', 'REC-383', 3, 2.14, 0.755, '2024-05-06'),
('STK-384', 'LOT-042', 'ENG001', 'REC-384', 4, 2.21, 0.693, '2024-05-07'),
('STK-385', 'LOT-043', 'ENG002', 'REC-385', 1, 2.04, 0.8784031899117998, '2024-05-07'),
('STK-386', 'LOT-043', 'ENG003', 'REC-386', 2, 2.12, 0.812, '2024-05-08'),
('STK-387', 'LOT-043', 'ENG001', 'REC-387', 3, 2.14, 0.767, '2024-05-09'),
('STK-388', 'LOT-044', 'ENG002', 'REC-388', 1, 2.04, 0.8660828998448206, '2024-05-10'),
('STK-389', 'LOT-044', 'ENG003', 'REC-389', 2, 2.12, 0.799, '2024-05-11'),
('STK-390', 'LOT-045', 'ENG001', 'REC-390', 1, 2.08, 0.8723944415404079, '2024-05-13');

INSERT INTO REFLOW (reflow_id, lot_id, engineer_id, reflow_seq, temperature, reflow_date) VALUES
('RFW-001', 'LOT-001', 'ENG002', 1, 247.6, '2024-01-02'),
('RFW-002', 'LOT-001', 'ENG003', 2, 248.1, '2024-01-03'),
('RFW-003', 'LOT-001', 'ENG001', 3, 248.0, '2024-01-04'),
('RFW-004', 'LOT-001', 'ENG002', 4, 248.6, '2024-01-05'),
('RFW-005', 'LOT-001', 'ENG003', 5, 249.7, '2024-01-06'),
('RFW-006', 'LOT-001', 'ENG001', 6, 250.1, '2024-01-07'),
('RFW-007', 'LOT-001', 'ENG002', 7, 250.3, '2024-01-08'),
('RFW-008', 'LOT-001', 'ENG003', 8, 250.8, '2024-01-09'),
('RFW-009', 'LOT-001', 'ENG001', 9, 251.7, '2024-01-10'),
('RFW-010', 'LOT-002', 'ENG002', 1, 247.9, '2024-01-05'),
('RFW-011', 'LOT-002', 'ENG003', 2, 247.6, '2024-01-06'),
('RFW-012', 'LOT-002', 'ENG001', 3, 248.6, '2024-01-07'),
('RFW-013', 'LOT-002', 'ENG002', 4, 249.3, '2024-01-08'),
('RFW-014', 'LOT-002', 'ENG003', 5, 249.0, '2024-01-09'),
('RFW-015', 'LOT-002', 'ENG001', 6, 249.8, '2024-01-10'),
('RFW-016', 'LOT-002', 'ENG002', 7, 250.1, '2024-01-11'),
('RFW-017', 'LOT-002', 'ENG003', 8, 251.5, '2024-01-12'),
('RFW-018', 'LOT-002', 'ENG001', 9, 251.2, '2024-01-13'),
('RFW-019', 'LOT-003', 'ENG002', 1, 247.0, '2024-01-08'),
('RFW-020', 'LOT-003', 'ENG003', 2, 248.0, '2024-01-09'),
('RFW-021', 'LOT-003', 'ENG001', 3, 248.2, '2024-01-10'),
('RFW-022', 'LOT-003', 'ENG002', 4, 249.4, '2024-01-11'),
('RFW-023', 'LOT-003', 'ENG003', 5, 249.3, '2024-01-12'),
('RFW-024', 'LOT-003', 'ENG001', 6, 250.3, '2024-01-13'),
('RFW-025', 'LOT-003', 'ENG002', 7, 250.9, '2024-01-14'),
('RFW-026', 'LOT-003', 'ENG003', 8, 250.7, '2024-01-15'),
('RFW-027', 'LOT-003', 'ENG001', 9, 251.7, '2024-01-16'),
('RFW-028', 'LOT-004', 'ENG002', 1, 247.3, '2024-01-11'),
('RFW-029', 'LOT-004', 'ENG003', 2, 248.2, '2024-01-12'),
('RFW-030', 'LOT-004', 'ENG001', 3, 248.6, '2024-01-13'),
('RFW-031', 'LOT-004', 'ENG002', 4, 248.7, '2024-01-14'),
('RFW-032', 'LOT-004', 'ENG003', 5, 249.7, '2024-01-15'),
('RFW-033', 'LOT-004', 'ENG001', 6, 249.9, '2024-01-16'),
('RFW-034', 'LOT-004', 'ENG002', 7, 250.7, '2024-01-17'),
('RFW-035', 'LOT-004', 'ENG003', 8, 250.7, '2024-01-18'),
('RFW-036', 'LOT-004', 'ENG001', 9, 251.6, '2024-01-19'),
('RFW-037', 'LOT-005', 'ENG002', 1, 247.8, '2024-01-14'),
('RFW-038', 'LOT-005', 'ENG003', 2, 248.2, '2024-01-15'),
('RFW-039', 'LOT-005', 'ENG001', 3, 248.5, '2024-01-16'),
('RFW-040', 'LOT-005', 'ENG002', 4, 249.1, '2024-01-17'),
('RFW-041', 'LOT-005', 'ENG003', 5, 249.9, '2024-01-18'),
('RFW-042', 'LOT-005', 'ENG001', 6, 249.6, '2024-01-19'),
('RFW-043', 'LOT-005', 'ENG002', 7, 250.1, '2024-01-20'),
('RFW-044', 'LOT-005', 'ENG003', 8, 251.0, '2024-01-21'),
('RFW-045', 'LOT-005', 'ENG001', 9, 251.5, '2024-01-22'),
('RFW-046', 'LOT-006', 'ENG002', 1, 247.9, '2024-01-17'),
('RFW-047', 'LOT-006', 'ENG003', 2, 247.8, '2024-01-18'),
('RFW-048', 'LOT-006', 'ENG001', 3, 248.4, '2024-01-19'),
('RFW-049', 'LOT-006', 'ENG002', 4, 249.4, '2024-01-20'),
('RFW-050', 'LOT-006', 'ENG003', 5, 249.8, '2024-01-21'),
('RFW-051', 'LOT-006', 'ENG001', 6, 250.0, '2024-01-22'),
('RFW-052', 'LOT-006', 'ENG002', 7, 250.7, '2024-01-23'),
('RFW-053', 'LOT-006', 'ENG003', 8, 251.3, '2024-01-24'),
('RFW-054', 'LOT-006', 'ENG001', 9, 251.9, '2024-01-25'),
('RFW-055', 'LOT-007', 'ENG002', 1, 247.5, '2024-01-20'),
('RFW-056', 'LOT-007', 'ENG003', 2, 247.6, '2024-01-21'),
('RFW-057', 'LOT-007', 'ENG001', 3, 248.9, '2024-01-22'),
('RFW-058', 'LOT-007', 'ENG002', 4, 249.0, '2024-01-23'),
('RFW-059', 'LOT-007', 'ENG003', 5, 249.3, '2024-01-24'),
('RFW-060', 'LOT-007', 'ENG001', 6, 249.9, '2024-01-25'),
('RFW-061', 'LOT-007', 'ENG002', 7, 250.6, '2024-01-26'),
('RFW-062', 'LOT-007', 'ENG003', 8, 251.5, '2024-01-27'),
('RFW-063', 'LOT-007', 'ENG001', 9, 251.7, '2024-01-28'),
('RFW-064', 'LOT-008', 'ENG002', 1, 247.6, '2024-01-23'),
('RFW-065', 'LOT-008', 'ENG003', 2, 247.8, '2024-01-24'),
('RFW-066', 'LOT-008', 'ENG001', 3, 248.2, '2024-01-25'),
('RFW-067', 'LOT-008', 'ENG002', 4, 249.4, '2024-01-26'),
('RFW-068', 'LOT-008', 'ENG003', 5, 249.3, '2024-01-27'),
('RFW-069', 'LOT-008', 'ENG001', 6, 250.0, '2024-01-28'),
('RFW-070', 'LOT-008', 'ENG002', 7, 250.8, '2024-01-29'),
('RFW-071', 'LOT-008', 'ENG003', 8, 251.1, '2024-01-30'),
('RFW-072', 'LOT-008', 'ENG001', 9, 251.7, '2024-01-31'),
('RFW-073', 'LOT-009', 'ENG002', 1, 247.3, '2024-01-26'),
('RFW-074', 'LOT-009', 'ENG003', 2, 248.1, '2024-01-27'),
('RFW-075', 'LOT-009', 'ENG001', 3, 248.8, '2024-01-28'),
('RFW-076', 'LOT-009', 'ENG002', 4, 249.1, '2024-01-29'),
('RFW-077', 'LOT-009', 'ENG003', 5, 250.0, '2024-01-30'),
('RFW-078', 'LOT-009', 'ENG001', 6, 250.3, '2024-01-31'),
('RFW-079', 'LOT-009', 'ENG002', 7, 250.3, '2024-02-01'),
('RFW-080', 'LOT-009', 'ENG003', 8, 250.9, '2024-02-02'),
('RFW-081', 'LOT-009', 'ENG001', 9, 251.3, '2024-02-03'),
('RFW-082', 'LOT-010', 'ENG002', 1, 247.8, '2024-01-29'),
('RFW-083', 'LOT-010', 'ENG003', 2, 248.1, '2024-01-30'),
('RFW-084', 'LOT-010', 'ENG001', 3, 248.3, '2024-01-31'),
('RFW-085', 'LOT-010', 'ENG002', 4, 248.6, '2024-02-01'),
('RFW-086', 'LOT-010', 'ENG003', 5, 249.2, '2024-02-02'),
('RFW-087', 'LOT-010', 'ENG001', 6, 250.1, '2024-02-03'),
('RFW-088', 'LOT-010', 'ENG002', 7, 250.2, '2024-02-04'),
('RFW-089', 'LOT-010', 'ENG003', 8, 250.9, '2024-02-05'),
('RFW-090', 'LOT-010', 'ENG001', 9, 251.7, '2024-02-06'),
('RFW-091', 'LOT-011', 'ENG002', 1, 247.8, '2024-02-01'),
('RFW-092', 'LOT-011', 'ENG003', 2, 248.1, '2024-02-02'),
('RFW-093', 'LOT-011', 'ENG001', 3, 248.8, '2024-02-03'),
('RFW-094', 'LOT-011', 'ENG002', 4, 248.7, '2024-02-04'),
('RFW-095', 'LOT-011', 'ENG003', 5, 249.5, '2024-02-05'),
('RFW-096', 'LOT-011', 'ENG001', 6, 249.9, '2024-02-06'),
('RFW-097', 'LOT-011', 'ENG002', 7, 250.3, '2024-02-07'),
('RFW-098', 'LOT-011', 'ENG003', 8, 251.5, '2024-02-08'),
('RFW-099', 'LOT-011', 'ENG001', 9, 251.4, '2024-02-09'),
('RFW-100', 'LOT-012', 'ENG002', 1, 247.2, '2024-02-04'),
('RFW-101', 'LOT-012', 'ENG003', 2, 248.3, '2024-02-05'),
('RFW-102', 'LOT-012', 'ENG001', 3, 248.1, '2024-02-06'),
('RFW-103', 'LOT-012', 'ENG002', 4, 249.4, '2024-02-07'),
('RFW-104', 'LOT-012', 'ENG003', 5, 249.6, '2024-02-08'),
('RFW-105', 'LOT-012', 'ENG001', 6, 249.7, '2024-02-09'),
('RFW-106', 'LOT-012', 'ENG002', 7, 250.9, '2024-02-10'),
('RFW-107', 'LOT-012', 'ENG003', 8, 250.8, '2024-02-11'),
('RFW-108', 'LOT-012', 'ENG001', 9, 251.7, '2024-02-12'),
('RFW-109', 'LOT-013', 'ENG002', 1, 247.2, '2024-02-07'),
('RFW-110', 'LOT-013', 'ENG003', 2, 248.5, '2024-02-08'),
('RFW-111', 'LOT-013', 'ENG001', 3, 248.1, '2024-02-09'),
('RFW-112', 'LOT-013', 'ENG002', 4, 249.5, '2024-02-10'),
('RFW-113', 'LOT-013', 'ENG003', 5, 249.3, '2024-02-11'),
('RFW-114', 'LOT-013', 'ENG001', 6, 249.6, '2024-02-12'),
('RFW-115', 'LOT-013', 'ENG002', 7, 250.8, '2024-02-13'),
('RFW-116', 'LOT-013', 'ENG003', 8, 250.6, '2024-02-14'),
('RFW-117', 'LOT-013', 'ENG001', 9, 251.9, '2024-02-15'),
('RFW-118', 'LOT-014', 'ENG002', 1, 247.6, '2024-02-10'),
('RFW-119', 'LOT-014', 'ENG003', 2, 247.9, '2024-02-11'),
('RFW-120', 'LOT-014', 'ENG001', 3, 248.7, '2024-02-12'),
('RFW-121', 'LOT-014', 'ENG002', 4, 249.0, '2024-02-13'),
('RFW-122', 'LOT-014', 'ENG003', 5, 249.6, '2024-02-14'),
('RFW-123', 'LOT-014', 'ENG001', 6, 249.7, '2024-02-15'),
('RFW-124', 'LOT-014', 'ENG002', 7, 250.6, '2024-02-16'),
('RFW-125', 'LOT-014', 'ENG003', 8, 251.0, '2024-02-17'),
('RFW-126', 'LOT-014', 'ENG001', 9, 251.7, '2024-02-18'),
('RFW-127', 'LOT-015', 'ENG002', 1, 247.1, '2024-02-13'),
('RFW-128', 'LOT-015', 'ENG003', 2, 248.1, '2024-02-14'),
('RFW-129', 'LOT-015', 'ENG001', 3, 248.0, '2024-02-15'),
('RFW-130', 'LOT-015', 'ENG002', 4, 249.3, '2024-02-16'),
('RFW-131', 'LOT-015', 'ENG003', 5, 249.0, '2024-02-17'),
('RFW-132', 'LOT-015', 'ENG001', 6, 249.9, '2024-02-18'),
('RFW-133', 'LOT-015', 'ENG002', 7, 250.1, '2024-02-19'),
('RFW-134', 'LOT-015', 'ENG003', 8, 251.4, '2024-02-20'),
('RFW-135', 'LOT-015', 'ENG001', 9, 251.3, '2024-02-21'),
('RFW-136', 'LOT-016', 'ENG002', 1, 247.6, '2024-02-16'),
('RFW-137', 'LOT-016', 'ENG003', 2, 248.0, '2024-02-17'),
('RFW-138', 'LOT-016', 'ENG001', 3, 248.7, '2024-02-18'),
('RFW-139', 'LOT-016', 'ENG002', 4, 249.1, '2024-02-19'),
('RFW-140', 'LOT-016', 'ENG003', 5, 249.1, '2024-02-20'),
('RFW-141', 'LOT-016', 'ENG001', 6, 249.5, '2024-02-21'),
('RFW-142', 'LOT-016', 'ENG002', 7, 250.0, '2024-02-22'),
('RFW-143', 'LOT-016', 'ENG003', 8, 251.5, '2024-02-23'),
('RFW-144', 'LOT-016', 'ENG001', 9, 251.1, '2024-02-24'),
('RFW-145', 'LOT-017', 'ENG002', 1, 247.6, '2024-02-19'),
('RFW-146', 'LOT-017', 'ENG003', 2, 248.3, '2024-02-20'),
('RFW-147', 'LOT-017', 'ENG001', 3, 248.2, '2024-02-21'),
('RFW-148', 'LOT-017', 'ENG002', 4, 249.3, '2024-02-22'),
('RFW-149', 'LOT-017', 'ENG003', 5, 249.8, '2024-02-23'),
('RFW-150', 'LOT-017', 'ENG001', 6, 250.1, '2024-02-24'),
('RFW-151', 'LOT-017', 'ENG002', 7, 250.3, '2024-02-25'),
('RFW-152', 'LOT-017', 'ENG003', 8, 251.5, '2024-02-26'),
('RFW-153', 'LOT-017', 'ENG001', 9, 252.0, '2024-02-27'),
('RFW-154', 'LOT-018', 'ENG002', 1, 247.6, '2024-02-22'),
('RFW-155', 'LOT-018', 'ENG003', 2, 247.8, '2024-02-23'),
('RFW-156', 'LOT-018', 'ENG001', 3, 248.5, '2024-02-24'),
('RFW-157', 'LOT-018', 'ENG002', 4, 248.9, '2024-02-25'),
('RFW-158', 'LOT-018', 'ENG003', 5, 249.8, '2024-02-26'),
('RFW-159', 'LOT-018', 'ENG001', 6, 249.6, '2024-02-27'),
('RFW-160', 'LOT-018', 'ENG002', 7, 250.7, '2024-02-28'),
('RFW-161', 'LOT-018', 'ENG003', 8, 251.4, '2024-02-29'),
('RFW-162', 'LOT-018', 'ENG001', 9, 251.6, '2024-03-01'),
('RFW-163', 'LOT-019', 'ENG002', 1, 247.2, '2024-02-25'),
('RFW-164', 'LOT-019', 'ENG003', 2, 247.9, '2024-02-26'),
('RFW-165', 'LOT-019', 'ENG001', 3, 248.6, '2024-02-27'),
('RFW-166', 'LOT-019', 'ENG002', 4, 249.3, '2024-02-28'),
('RFW-167', 'LOT-019', 'ENG003', 5, 249.6, '2024-02-29'),
('RFW-168', 'LOT-019', 'ENG001', 6, 250.2, '2024-03-01'),
('RFW-169', 'LOT-019', 'ENG002', 7, 250.6, '2024-03-02'),
('RFW-170', 'LOT-019', 'ENG003', 8, 251.1, '2024-03-03'),
('RFW-171', 'LOT-019', 'ENG001', 9, 251.7, '2024-03-04'),
('RFW-172', 'LOT-020', 'ENG002', 1, 247.1, '2024-02-28'),
('RFW-173', 'LOT-020', 'ENG003', 2, 247.7, '2024-02-29'),
('RFW-174', 'LOT-020', 'ENG001', 3, 248.9, '2024-03-01'),
('RFW-175', 'LOT-020', 'ENG002', 4, 249.3, '2024-03-02'),
('RFW-176', 'LOT-020', 'ENG003', 5, 249.8, '2024-03-03'),
('RFW-177', 'LOT-020', 'ENG001', 6, 249.8, '2024-03-04'),
('RFW-178', 'LOT-020', 'ENG002', 7, 250.1, '2024-03-05'),
('RFW-179', 'LOT-020', 'ENG003', 8, 251.0, '2024-03-06'),
('RFW-180', 'LOT-020', 'ENG001', 9, 251.4, '2024-03-07'),
('RFW-181', 'LOT-021', 'ENG002', 1, 247.1, '2024-03-02'),
('RFW-182', 'LOT-021', 'ENG003', 2, 247.6, '2024-03-03'),
('RFW-183', 'LOT-021', 'ENG001', 3, 248.3, '2024-03-04'),
('RFW-184', 'LOT-021', 'ENG002', 4, 248.7, '2024-03-05'),
('RFW-185', 'LOT-021', 'ENG003', 5, 249.2, '2024-03-06'),
('RFW-186', 'LOT-021', 'ENG001', 6, 250.3, '2024-03-07'),
('RFW-187', 'LOT-021', 'ENG002', 7, 250.1, '2024-03-08'),
('RFW-188', 'LOT-021', 'ENG003', 8, 251.5, '2024-03-09'),
('RFW-189', 'LOT-021', 'ENG001', 9, 251.6, '2024-03-10'),
('RFW-190', 'LOT-022', 'ENG002', 1, 247.1, '2024-03-05'),
('RFW-191', 'LOT-022', 'ENG003', 2, 248.1, '2024-03-06'),
('RFW-192', 'LOT-022', 'ENG001', 3, 248.0, '2024-03-07'),
('RFW-193', 'LOT-022', 'ENG002', 4, 249.2, '2024-03-08'),
('RFW-194', 'LOT-022', 'ENG003', 5, 250.0, '2024-03-09'),
('RFW-195', 'LOT-022', 'ENG001', 6, 250.0, '2024-03-10'),
('RFW-196', 'LOT-022', 'ENG002', 7, 250.6, '2024-03-11'),
('RFW-197', 'LOT-022', 'ENG003', 8, 250.9, '2024-03-12'),
('RFW-198', 'LOT-022', 'ENG001', 9, 251.9, '2024-03-13'),
('RFW-199', 'LOT-023', 'ENG002', 1, 248.0, '2024-03-08'),
('RFW-200', 'LOT-023', 'ENG003', 2, 247.7, '2024-03-09'),
('RFW-201', 'LOT-023', 'ENG001', 3, 248.3, '2024-03-10'),
('RFW-202', 'LOT-023', 'ENG002', 4, 249.3, '2024-03-11'),
('RFW-203', 'LOT-023', 'ENG003', 5, 249.5, '2024-03-12'),
('RFW-204', 'LOT-023', 'ENG001', 6, 250.0, '2024-03-13'),
('RFW-205', 'LOT-023', 'ENG002', 7, 250.7, '2024-03-14'),
('RFW-206', 'LOT-023', 'ENG003', 8, 251.0, '2024-03-15'),
('RFW-207', 'LOT-023', 'ENG001', 9, 251.7, '2024-03-16'),
('RFW-208', 'LOT-024', 'ENG002', 1, 247.1, '2024-03-11'),
('RFW-209', 'LOT-024', 'ENG003', 2, 247.7, '2024-03-12'),
('RFW-210', 'LOT-024', 'ENG001', 3, 248.4, '2024-03-13'),
('RFW-211', 'LOT-024', 'ENG002', 4, 249.0, '2024-03-14'),
('RFW-212', 'LOT-024', 'ENG003', 5, 249.8, '2024-03-15'),
('RFW-213', 'LOT-024', 'ENG001', 6, 249.6, '2024-03-16'),
('RFW-214', 'LOT-024', 'ENG002', 7, 250.9, '2024-03-17'),
('RFW-215', 'LOT-024', 'ENG003', 8, 251.3, '2024-03-18'),
('RFW-216', 'LOT-024', 'ENG001', 9, 251.9, '2024-03-19'),
('RFW-217', 'LOT-025', 'ENG002', 1, 247.0, '2024-03-14'),
('RFW-218', 'LOT-025', 'ENG003', 2, 247.9, '2024-03-15'),
('RFW-219', 'LOT-025', 'ENG001', 3, 248.6, '2024-03-16'),
('RFW-220', 'LOT-025', 'ENG002', 4, 248.7, '2024-03-17'),
('RFW-221', 'LOT-025', 'ENG003', 5, 249.7, '2024-03-18'),
('RFW-222', 'LOT-025', 'ENG001', 6, 250.0, '2024-03-19'),
('RFW-223', 'LOT-025', 'ENG002', 7, 250.4, '2024-03-20'),
('RFW-224', 'LOT-025', 'ENG003', 8, 251.5, '2024-03-21'),
('RFW-225', 'LOT-025', 'ENG001', 9, 251.5, '2024-03-22'),
('RFW-226', 'LOT-026', 'ENG002', 1, 247.0, '2024-03-17'),
('RFW-227', 'LOT-026', 'ENG003', 2, 248.2, '2024-03-18'),
('RFW-228', 'LOT-026', 'ENG001', 3, 248.3, '2024-03-19'),
('RFW-229', 'LOT-026', 'ENG002', 4, 249.3, '2024-03-20'),
('RFW-230', 'LOT-026', 'ENG003', 5, 249.4, '2024-03-21'),
('RFW-231', 'LOT-026', 'ENG001', 6, 249.9, '2024-03-22'),
('RFW-232', 'LOT-026', 'ENG002', 7, 250.4, '2024-03-23'),
('RFW-233', 'LOT-026', 'ENG003', 8, 251.5, '2024-03-24'),
('RFW-234', 'LOT-026', 'ENG001', 9, 251.3, '2024-03-25'),
('RFW-235', 'LOT-027', 'ENG002', 1, 247.0, '2024-03-20'),
('RFW-236', 'LOT-027', 'ENG003', 2, 247.7, '2024-03-21'),
('RFW-237', 'LOT-027', 'ENG001', 3, 248.4, '2024-03-22'),
('RFW-238', 'LOT-027', 'ENG002', 4, 248.9, '2024-03-23'),
('RFW-239', 'LOT-027', 'ENG003', 5, 249.4, '2024-03-24'),
('RFW-240', 'LOT-027', 'ENG001', 6, 249.6, '2024-03-25'),
('RFW-241', 'LOT-027', 'ENG002', 7, 250.1, '2024-03-26'),
('RFW-242', 'LOT-027', 'ENG003', 8, 250.9, '2024-03-27'),
('RFW-243', 'LOT-027', 'ENG001', 9, 251.3, '2024-03-28'),
('RFW-244', 'LOT-028', 'ENG002', 1, 248.0, '2024-03-23'),
('RFW-245', 'LOT-028', 'ENG003', 2, 247.6, '2024-03-24'),
('RFW-246', 'LOT-028', 'ENG001', 3, 248.9, '2024-03-25'),
('RFW-247', 'LOT-028', 'ENG002', 4, 248.6, '2024-03-26'),
('RFW-248', 'LOT-028', 'ENG003', 5, 249.4, '2024-03-27'),
('RFW-249', 'LOT-028', 'ENG001', 6, 250.2, '2024-03-28'),
('RFW-250', 'LOT-028', 'ENG002', 7, 250.5, '2024-03-29'),
('RFW-251', 'LOT-028', 'ENG003', 8, 250.9, '2024-03-30'),
('RFW-252', 'LOT-028', 'ENG001', 9, 251.4, '2024-03-31'),
('RFW-253', 'LOT-029', 'ENG002', 1, 247.1, '2024-03-26'),
('RFW-254', 'LOT-029', 'ENG003', 2, 248.4, '2024-03-27'),
('RFW-255', 'LOT-029', 'ENG001', 3, 248.8, '2024-03-28'),
('RFW-256', 'LOT-029', 'ENG002', 4, 248.8, '2024-03-29'),
('RFW-257', 'LOT-029', 'ENG003', 5, 249.2, '2024-03-30'),
('RFW-258', 'LOT-029', 'ENG001', 6, 250.1, '2024-03-31'),
('RFW-259', 'LOT-029', 'ENG002', 7, 250.6, '2024-04-01'),
('RFW-260', 'LOT-029', 'ENG003', 8, 250.5, '2024-04-02'),
('RFW-261', 'LOT-029', 'ENG001', 9, 251.9, '2024-04-03'),
('RFW-262', 'LOT-030', 'ENG002', 1, 247.1, '2024-03-29'),
('RFW-263', 'LOT-030', 'ENG003', 2, 247.9, '2024-03-30'),
('RFW-264', 'LOT-030', 'ENG001', 3, 248.5, '2024-03-31'),
('RFW-265', 'LOT-030', 'ENG002', 4, 248.7, '2024-04-01'),
('RFW-266', 'LOT-030', 'ENG003', 5, 249.6, '2024-04-02'),
('RFW-267', 'LOT-030', 'ENG001', 6, 249.5, '2024-04-03'),
('RFW-268', 'LOT-030', 'ENG002', 7, 250.3, '2024-04-04'),
('RFW-269', 'LOT-030', 'ENG003', 8, 251.1, '2024-04-05'),
('RFW-270', 'LOT-030', 'ENG001', 9, 251.8, '2024-04-06'),
('RFW-271', 'LOT-031', 'ENG002', 1, 247.8, '2024-04-01'),
('RFW-272', 'LOT-031', 'ENG003', 2, 248.1, '2024-04-02'),
('RFW-273', 'LOT-031', 'ENG001', 3, 248.5, '2024-04-03'),
('RFW-274', 'LOT-031', 'ENG002', 4, 249.0, '2024-04-04'),
('RFW-275', 'LOT-031', 'ENG003', 5, 249.5, '2024-04-05'),
('RFW-276', 'LOT-031', 'ENG001', 6, 250.1, '2024-04-06'),
('RFW-277', 'LOT-031', 'ENG002', 7, 250.5, '2024-04-07'),
('RFW-278', 'LOT-031', 'ENG003', 8, 250.5, '2024-04-08'),
('RFW-279', 'LOT-031', 'ENG001', 9, 251.3, '2024-04-09'),
('RFW-280', 'LOT-032', 'ENG002', 1, 247.5, '2024-04-04'),
('RFW-281', 'LOT-032', 'ENG003', 2, 247.9, '2024-04-05'),
('RFW-282', 'LOT-032', 'ENG001', 3, 249.0, '2024-04-06'),
('RFW-283', 'LOT-032', 'ENG002', 4, 249.0, '2024-04-07'),
('RFW-284', 'LOT-032', 'ENG003', 5, 249.5, '2024-04-08'),
('RFW-285', 'LOT-032', 'ENG001', 6, 250.0, '2024-04-09'),
('RFW-286', 'LOT-032', 'ENG002', 7, 250.7, '2024-04-10'),
('RFW-287', 'LOT-032', 'ENG003', 8, 251.4, '2024-04-11'),
('RFW-288', 'LOT-033', 'ENG001', 1, 247.8, '2024-04-07'),
('RFW-289', 'LOT-033', 'ENG002', 2, 247.8, '2024-04-08'),
('RFW-290', 'LOT-033', 'ENG003', 3, 248.6, '2024-04-09'),
('RFW-291', 'LOT-033', 'ENG001', 4, 248.8, '2024-04-10'),
('RFW-292', 'LOT-033', 'ENG002', 5, 249.1, '2024-04-11'),
('RFW-293', 'LOT-033', 'ENG003', 6, 250.2, '2024-04-12'),
('RFW-294', 'LOT-033', 'ENG001', 7, 250.2, '2024-04-13'),
('RFW-295', 'LOT-034', 'ENG002', 1, 247.8, '2024-04-10'),
('RFW-296', 'LOT-034', 'ENG003', 2, 248.4, '2024-04-11'),
('RFW-297', 'LOT-034', 'ENG001', 3, 248.0, '2024-04-12'),
('RFW-298', 'LOT-034', 'ENG002', 4, 249.3, '2024-04-13'),
('RFW-299', 'LOT-034', 'ENG003', 5, 249.8, '2024-04-14'),
('RFW-300', 'LOT-034', 'ENG001', 6, 249.7, '2024-04-15'),
('RFW-301', 'LOT-035', 'ENG002', 1, 247.2, '2024-04-13'),
('RFW-302', 'LOT-035', 'ENG003', 2, 248.1, '2024-04-14'),
('RFW-303', 'LOT-035', 'ENG001', 3, 248.6, '2024-04-15'),
('RFW-304', 'LOT-035', 'ENG002', 4, 248.9, '2024-04-16'),
('RFW-305', 'LOT-035', 'ENG003', 5, 249.4, '2024-04-17'),
('RFW-306', 'LOT-036', 'ENG001', 1, 247.8, '2024-04-16'),
('RFW-307', 'LOT-036', 'ENG002', 2, 248.3, '2024-04-17'),
('RFW-308', 'LOT-036', 'ENG003', 3, 248.8, '2024-04-18'),
('RFW-309', 'LOT-036', 'ENG001', 4, 249.2, '2024-04-19'),
('RFW-310', 'LOT-036', 'ENG002', 5, 249.6, '2024-04-20'),
('RFW-311', 'LOT-036', 'ENG003', 6, 250.3, '2024-04-21'),
('RFW-312', 'LOT-036', 'ENG001', 7, 250.5, '2024-04-22'),
('RFW-313', 'LOT-036', 'ENG002', 8, 251.0, '2024-04-23'),
('RFW-314', 'LOT-036', 'ENG003', 9, 251.4, '2024-04-24'),
('RFW-315', 'LOT-037', 'ENG001', 1, 247.5, '2024-04-19'),
('RFW-316', 'LOT-037', 'ENG002', 2, 247.8, '2024-04-20'),
('RFW-317', 'LOT-037', 'ENG003', 3, 248.2, '2024-04-21'),
('RFW-318', 'LOT-037', 'ENG001', 4, 248.6, '2024-04-22'),
('RFW-319', 'LOT-037', 'ENG002', 5, 249.6, '2024-04-23'),
('RFW-320', 'LOT-037', 'ENG003', 6, 250.2, '2024-04-24'),
('RFW-321', 'LOT-037', 'ENG001', 7, 251.0, '2024-04-25'),
('RFW-322', 'LOT-037', 'ENG002', 8, 250.9, '2024-04-26'),
('RFW-323', 'LOT-038', 'ENG003', 1, 247.7, '2024-04-22'),
('RFW-324', 'LOT-038', 'ENG001', 2, 248.1, '2024-04-23'),
('RFW-325', 'LOT-038', 'ENG002', 3, 248.9, '2024-04-24'),
('RFW-326', 'LOT-038', 'ENG003', 4, 249.4, '2024-04-25'),
('RFW-327', 'LOT-038', 'ENG001', 5, 249.2, '2024-04-26'),
('RFW-328', 'LOT-038', 'ENG002', 6, 249.6, '2024-04-27'),
('RFW-329', 'LOT-038', 'ENG003', 7, 250.6, '2024-04-28'),
('RFW-330', 'LOT-039', 'ENG001', 1, 247.6, '2024-04-25'),
('RFW-331', 'LOT-039', 'ENG002', 2, 248.2, '2024-04-26'),
('RFW-332', 'LOT-039', 'ENG003', 3, 248.2, '2024-04-27'),
('RFW-333', 'LOT-039', 'ENG001', 4, 249.2, '2024-04-28'),
('RFW-334', 'LOT-039', 'ENG002', 5, 249.6, '2024-04-29'),
('RFW-335', 'LOT-039', 'ENG003', 6, 249.5, '2024-04-30'),
('RFW-336', 'LOT-040', 'ENG001', 1, 247.3, '2024-04-28'),
('RFW-337', 'LOT-040', 'ENG002', 2, 247.6, '2024-04-29'),
('RFW-338', 'LOT-040', 'ENG003', 3, 248.4, '2024-04-30'),
('RFW-339', 'LOT-040', 'ENG001', 4, 248.9, '2024-05-01'),
('RFW-340', 'LOT-040', 'ENG002', 5, 249.5, '2024-05-02'),
('RFW-341', 'LOT-041', 'ENG003', 1, 247.7, '2024-05-01'),
('RFW-342', 'LOT-041', 'ENG001', 2, 248.2, '2024-05-02'),
('RFW-343', 'LOT-041', 'ENG002', 3, 248.4, '2024-05-03'),
('RFW-344', 'LOT-041', 'ENG003', 4, 248.7, '2024-05-04'),
('RFW-345', 'LOT-042', 'ENG001', 1, 247.7, '2024-05-04'),
('RFW-346', 'LOT-042', 'ENG002', 2, 247.5, '2024-05-05'),
('RFW-347', 'LOT-042', 'ENG003', 3, 248.6, '2024-05-06'),
('RFW-348', 'LOT-043', 'ENG001', 1, 247.7, '2024-05-07'),
('RFW-349', 'LOT-043', 'ENG002', 2, 248.2, '2024-05-08'),
('RFW-350', 'LOT-044', 'ENG003', 1, 248.0, '2024-05-10');

INSERT INTO INJECTION (injection_id, lot_id, engineer_id, inject_pressure, injection_date) VALUES
('INJ-001', 'LOT-001', 'ENG005', 0.34, '2024-01-12'),
('INJ-002', 'LOT-002', 'ENG004', 0.33, '2024-01-15'),
('INJ-003', 'LOT-003', 'ENG005', 0.35, '2024-01-18'),
('INJ-004', 'LOT-004', 'ENG004', 0.41, '2024-01-21'),
('INJ-005', 'LOT-005', 'ENG005', 0.34, '2024-01-24'),
('INJ-006', 'LOT-006', 'ENG004', 0.35, '2024-01-27'),
('INJ-007', 'LOT-007', 'ENG005', 0.36, '2024-01-30'),
('INJ-008', 'LOT-008', 'ENG004', 0.39, '2024-02-02'),
('INJ-009', 'LOT-009', 'ENG005', 0.34, '2024-02-05'),
('INJ-010', 'LOT-010', 'ENG004', 0.41, '2024-02-08'),
('INJ-011', 'LOT-011', 'ENG005', 0.45, '2024-02-11'),
('INJ-012', 'LOT-012', 'ENG004', 0.45, '2024-02-14'),
('INJ-013', 'LOT-013', 'ENG005', 0.42, '2024-02-17'),
('INJ-014', 'LOT-014', 'ENG004', 0.33, '2024-02-20'),
('INJ-015', 'LOT-015', 'ENG005', 0.4, '2024-02-23'),
('INJ-016', 'LOT-016', 'ENG004', 0.38, '2024-02-26'),
('INJ-017', 'LOT-017', 'ENG005', 0.33, '2024-02-29'),
('INJ-018', 'LOT-018', 'ENG004', 0.42, '2024-03-03'),
('INJ-019', 'LOT-019', 'ENG005', 0.4, '2024-03-06'),
('INJ-020', 'LOT-020', 'ENG004', 0.37, '2024-03-09'),
('INJ-021', 'LOT-021', 'ENG005', 0.4, '2024-03-12'),
('INJ-022', 'LOT-022', 'ENG004', 0.42, '2024-03-15'),
('INJ-023', 'LOT-023', 'ENG005', 0.39, '2024-03-18'),
('INJ-024', 'LOT-024', 'ENG004', 0.45, '2024-03-21'),
('INJ-025', 'LOT-025', 'ENG005', 0.35, '2024-03-24'),
('INJ-026', 'LOT-026', 'ENG004', 0.45, '2024-03-27'),
('INJ-027', 'LOT-027', 'ENG005', 0.4, '2024-03-30'),
('INJ-028', 'LOT-028', 'ENG004', 0.36, '2024-04-02'),
('INJ-029', 'LOT-029', 'ENG005', 0.41, '2024-04-05'),
('INJ-030', 'LOT-030', 'ENG004', 0.36, '2024-04-08');

INSERT INTO RESULT_ANALYSIS (result_id, lot_id, engineer_id, void_area_pct, final_result, analysis_date) VALUES
('RST-001', 'LOT-001', 'ENG005', 0.035, '사용', '2024-01-13'),
('RST-002', 'LOT-002', 'ENG004', 0.016, '재활용', '2024-01-16'),
('RST-003', 'LOT-003', 'ENG005', 0.042, '사용', '2024-01-19'),
('RST-004', 'LOT-004', 'ENG004', 0.059, '사용', '2024-01-22'),
('RST-005', 'LOT-005', 'ENG005', 0.068, '사용', '2024-01-25'),
('RST-006', 'LOT-006', 'ENG004', 0.079, '사용', '2024-01-28'),
('RST-007', 'LOT-007', 'ENG005', 0.012, '사용', '2024-01-31'),
('RST-008', 'LOT-008', 'ENG004', 0.036, '사용', '2024-02-03'),
('RST-009', 'LOT-009', 'ENG005', 0.055, '사용', '2024-02-06'),
('RST-010', 'LOT-010', 'ENG004', 0.016, '사용', '2024-02-09'),
('RST-011', 'LOT-011', 'ENG005', 0.055, '사용', '2024-02-12'),
('RST-012', 'LOT-012', 'ENG004', 0.078, '재활용', '2024-02-15'),
('RST-013', 'LOT-013', 'ENG005', 0.073, '재활용', '2024-02-18'),
('RST-014', 'LOT-014', 'ENG004', 0.026, '재활용', '2024-02-21'),
('RST-015', 'LOT-015', 'ENG005', 0.058, '사용', '2024-02-24'),
('RST-016', 'LOT-016', 'ENG004', 0.029, '재활용', '2024-02-27'),
('RST-017', 'LOT-017', 'ENG005', 0.058, '사용', '2024-03-01'),
('RST-018', 'LOT-018', 'ENG004', 0.881, '사용불가', '2024-03-04'),
('RST-019', 'LOT-019', 'ENG005', 0.056, '사용', '2024-03-07'),
('RST-020', 'LOT-020', 'ENG004', 0.07, '사용', '2024-03-10'),
('RST-021', 'LOT-021', 'ENG005', 0.025, '사용', '2024-03-13'),
('RST-022', 'LOT-022', 'ENG004', 0.067, '사용', '2024-03-16'),
('RST-023', 'LOT-023', 'ENG005', 0.075, '사용', '2024-03-19'),
('RST-024', 'LOT-024', 'ENG004', 0.049, '사용', '2024-03-22'),
('RST-025', 'LOT-025', 'ENG005', 0.069, '사용', '2024-03-25');

SELECT '=== 테이블별 데이터 건수 ===' AS '';
SELECT 'ENGINEER' AS 테이블명, COUNT(*) AS 건수 FROM ENGINEER
UNION ALL SELECT 'HBM_CARRIER_LOT', COUNT(*) FROM HBM_CARRIER_LOT
UNION ALL SELECT 'INCOMING', COUNT(*) FROM INCOMING
UNION ALL SELECT 'PRE_ANALYSIS', COUNT(*) FROM PRE_ANALYSIS
UNION ALL SELECT 'AI_RECOMMEND', COUNT(*) FROM AI_RECOMMEND
UNION ALL SELECT 'STACKING', COUNT(*) FROM STACKING
UNION ALL SELECT 'REFLOW', COUNT(*) FROM REFLOW
UNION ALL SELECT 'INJECTION', COUNT(*) FROM INJECTION
UNION ALL SELECT 'RESULT_ANALYSIS', COUNT(*) FROM RESULT_ANALYSIS;

SELECT '=== lot_status 분포 ===' AS '';
SELECT lot_status, COUNT(*) AS 건수 FROM HBM_CARRIER_LOT GROUP BY lot_status ORDER BY lot_status;

SELECT '=== 수율 확인 ===' AS '';
SELECT final_result, COUNT(*) AS 건수, ROUND(COUNT(*)*100.0/(SELECT COUNT(*) FROM RESULT_ANALYSIS),1) AS 비율 FROM RESULT_ANALYSIS GROUP BY final_result;

SELECT '=== stacking void 이력 샘플 ===' AS '';
SELECT lot_id, stack_seq, pressure, void_area_pct FROM STACKING WHERE lot_id IN ('LOT-001','LOT-010','LOT-025') ORDER BY lot_id, stack_seq;